,Date,比特币残差,黄金残差,预计黄金涨幅,预计比特币涨幅,黄金预测方差,比特币预测方差
0,2016-09-11,0,0,0,0,0,0.0
1,2016-09-12,0,0,0,0,0,0.0
2,2016-09-13,0,0,0,0,0,0.0
3,2016-09-14,6,0,-1,-11,0,0.0
4,2016-09-15,1,10,-10,-14,0,0.0
5,2016-09-16,9,8,-2,-7,0,3.0
6,2016-09-17,10,0,0,-2,0,3.0
7,2016-09-18,11,0,0,-2,0,3.0
8,2016-09-19,19,13,2,-8,4,3.0
9,2016-09-20,0,15,5,0,4,0.0
10,2016-09-21,13,16,10,-1,3,3.0
11,2016-09-22,9,14,10,3,3,4.0
12,2016-09-23,6,17,0,0,3,3.0
13,2016-09-24,3,0,0,0,0,3.0
14,2016-09-25,9,0,0,-6,0,4.0
15,2016-09-26,10,0,0,-2,0,4.0
16,2016-09-27,10,0,0,-2,0,4.0
17,2016-09-28,15,0,0,-6,0,4.0
18,2016-09-29,15,12,-1,-3,7,4.0
19,2016-09-30,15,12,-4,-3,7,4.0
20,2016-10-01,15,0,0,-3,0,4.0
21,2016-10-02,1,0,0,0,0,4.0
22,2016-10-03,1,16,2,-1,7,4.0
23,2016-10-04,1,15,-15,-1,7,4.0
24,2016-10-05,14,13,-13,0,7,4.0
25,2016-10-06,14,12,-13,-1,7,4.0
26,2016-10-07,4,12,0,0,7,4.0
27,2016-10-08,1,0,0,0,0,4.0
28,2016-10-09,1,0,0,0,0,4.0
29,2016-10-10,1,4,6,0,7,4.0
30,2016-10-11,0,5,-6,0,7,4.0
31,2016-10-12,2,3,1,0,7,4.0
32,2016-10-13,4,0,4,-4,7,5.0
33,2016-10-14,2,0,1,1,7,5.0
34,2016-10-15,2,0,0,2,0,5.0
35,2016-10-16,1,0,0,0,0,5.0
36,2016-10-17,2,2,-4,0,7,5.0
37,2016-10-18,1,10,1,2,7,5.0
38,2016-10-19,1,14,5,1,7,5.0
39,2016-10-20,0,11,8,0,7,5.0
40,2016-10-21,0,12,-4,0,7,5.0
41,2016-10-22,2,0,0,0,0,5.0
42,2016-10-23,9,0,0,-2,0,5.0
43,2016-10-24,9,12,-1,-1,7,5.0
44,2016-10-25,9,8,-1,0,7,5.0
45,2016-10-26,5,2,2,0,8,6.0
46,2016-10-27,6,2,-2,0,8,6.0
47,2016-10-28,5,10,-3,-4,8,7.0
48,2016-10-29,1,0,0,2,0,7.0
49,2016-10-30,0,0,0,3,0,6.0
50,2016-10-31,1,5,0,-3,8,6.0
51,2016-11-01,1,2,-2,2,8,7.0
52,2016-11-02,1,8,-1,1,8,7.0
53,2016-11-03,2,0,4,-4,8,7.0
54,2016-11-04,4,5,-3,26,9,9.0
55,2016-11-05,1,0,0,6,0,9.0
56,2016-11-06,6,0,0,-21,0,9.0
57,2016-11-07,7,24,-9,-3,8,10.0
58,2016-11-08,7,5,-7,1,8,10.0
59,2016-11-09,7,5,0,3,9,10.0
60,2016-11-10,7,2,-8,-1,9,10.0
61,2016-11-11,7,0,-5,0,9,9.0
62,2016-11-12,7,0,0,4,0,9.0
63,2016-11-13,7,0,0,7,0,10.0
64,2016-11-14,7,17,-17,5,9,10.0
65,2016-11-15,7,25,-7,1,9,9.0
66,2016-11-16,7,28,7,0,9,9.0
67,2016-11-17,7,1,-1,0,9,9.0
68,2016-11-18,7,1,-7,-5,9,10.0
69,2016-11-19,6,0,0,-5,0,10.0
70,2016-11-20,5,0,0,0,0,10.0
71,2016-11-21,9,24,-3,4,9,10.0
72,2016-11-22,8,33,2,4,9,10.0
73,2016-11-23,9,31,-4,1,9,10.0
74,2016-11-24,9,38,-3,2,9,10.0
75,2016-11-25,9,33,0,2,9,10.0
76,2016-11-26,8,0,0,3,0,10.0
77,2016-11-27,8,0,0,3,0,10.0
78,2016-11-28,7,19,0,4,9,10.0
79,2016-11-29,7,10,2,3,9,10.0
80,2016-11-30,7,5,-4,1,9,9.0
81,2016-12-01,8,7,0,0,9,9.0
82,2016-12-02,8,1,-2,0,9,9.0
83,2016-12-03,10,0,0,-4,0,10.0
84,2016-12-04,10,0,0,-2,0,10.0
85,2016-12-05,10,3,-2,3,10,9.0
86,2016-12-06,12,11,5,3,10,10.0
87,2016-12-07,12,17,0,3,10,10.0
88,2016-12-08,12,34,-2,2,10,10.0
89,2016-12-09,13,0,5,0,10,10.0
90,2016-12-10,13,0,0,0,0,10.0
91,2016-12-11,13,0,0,1,0,9.0
92,2016-12-12,12,0,0,0,0,9.0
93,2016-12-13,12,4,0,1,10,9.0
94,2016-12-14,12,2,4,1,10,9.0
95,2016-12-15,12,0,0,2,0,9.0
96,2016-12-16,12,19,-4,2,10,9.0
97,2016-12-17,12,0,0,2,0,9.0
98,2016-12-18,13,0,0,0,0,9.0
99,2016-12-19,13,1,0,0,11,9.0
100,2016-12-20,13,14,6,1,10,9.0
101,2016-12-21,13,4,-4,0,10,9.0
102,2016-12-22,13,4,-3,-6,10,9.0
103,2016-12-23,11,0,0,-5,0,10.0
104,2016-12-24,6,0,0,0,0,11.0
105,2016-12-25,2,0,0,7,0,11.0
106,2016-12-26,78,0,0,-2,0,11.0
107,2016-12-27,2,0,0,2,0,11.0
108,2016-12-28,10,8,-2,0,10,12.0
109,2016-12-29,11,3,3,8,10,12.0
110,2016-12-30,30,0,0,0,0,12.0
111,2016-12-31,21,0,0,14,0,12.0
112,2017-01-01,15,0,0,-1,0,12.0
113,2017-01-02,45,0,0,5,0,12.0
114,2017-01-03,53,3,-2,8,10,12.0
115,2017-01-04,43,3,0,9,10,12.0
116,2017-01-05,114,0,3,-8,10,15.0
117,2017-01-06,9,2,-2,74,10,17.0
118,2017-01-07,11,0,0,17,0,18.0
119,2017-01-08,130,0,0,53,0,20.0
120,2017-01-09,1,11,1,10,10,20.0
121,2017-01-10,2,20,0,6,10,20.0
122,2017-01-11,1,7,-2,-4,10,20.0
123,2017-01-12,0,17,1,33,10,22.0
124,2017-01-13,2,12,0,-40,10,22.0
125,2017-01-14,107,0,0,22,0,23.0
126,2017-01-15,2,0,0,-3,0,23.0
127,2017-01-16,0,10,-1,4,10,23.0
128,2017-01-17,2,8,0,-2,10,23.0
129,2017-01-18,3,41,-1,-8,10,24.0
130,2017-01-19,1,50,2,9,10,24.0
131,2017-01-20,131,21,-4,1,10,23.0
132,2017-01-21,129,0,0,5,0,23.0
133,2017-01-22,127,0,0,2,0,23.0
134,2017-01-23,139,6,-3,0,10,23.0
135,2017-01-24,141,9,5,3,10,23.0
136,2017-01-25,138,0,0,2,10,23.0
137,2017-01-26,123,0,-1,8,10,23.0
138,2017-01-27,131,0,0,-2,10,23.0
139,2017-01-28,132,0,0,7,0,23.0
140,2017-01-29,131,0,0,0,0,23.0
141,2017-01-30,129,0,0,7,10,23.0
142,2017-01-31,123,0,-1,2,10,23.0
143,2017-02-01,152,1,0,-5,10,23.0
144,2017-02-02,161,0,2,1,10,23.0
145,2017-02-03,162,1,-3,-2,10,23.0
146,2017-02-04,174,0,0,-4,0,23.0
147,2017-02-05,180,0,0,-3,0,23.0
148,2017-02-06,181,4,4,-2,10,23.0
149,2017-02-07,179,4,3,0,10,23.0
150,2017-02-08,186,9,3,-6,10,23.0
151,2017-02-09,188,5,0,0,10,23.0
152,2017-02-10,174,6,0,9,10,23.0
153,2017-02-11,181,0,0,-6,0,23.0
154,2017-02-12,183,0,0,7,0,23.0
155,2017-02-13,182,0,-1,-2,10,23.0
156,2017-02-14,183,0,0,5,10,23.0
157,2017-02-15,181,0,-2,0,10,23.0
158,2017-02-16,186,1,-1,1,10,23.0
159,2017-02-17,196,5,-1,-3,10,23.0
160,2017-02-18,197,0,0,2,0,23.0
161,2017-02-19,204,0,0,-5,0,23.0
162,2017-02-20,205,18,-1,2,10,23.0
163,2017-02-21,203,2,1,-2,10,23.0
164,2017-02-22,229,7,3,-11,10,23.0
165,2017-02-23,230,0,1,0,10,23.0
166,2017-02-24,230,7,2,-8,10,23.0
167,2017-02-25,234,0,0,-7,0,24.0
168,2017-02-26,236,0,0,0,0,24.0
169,2017-02-27,236,2,0,-6,9,23.0
170,2017-02-28,237,3,-1,-6,10,24.0
171,2017-03-01,237,4,0,-2,10,24.0
172,2017-03-02,236,3,1,-5,10,24.0
173,2017-03-03,3,1,0,-11,10,24.0
174,2017-03-04,208,0,0,0,0,24.0
175,2017-03-05,207,0,0,-2,0,24.0
176,2017-03-06,215,3,0,0,10,24.0
177,2017-03-07,213,2,-2,-3,10,24.0
178,2017-03-08,210,5,-3,0,10,24.0
179,2017-03-09,2,4,-3,14,9,25.0
180,2017-03-10,2,2,-2,-10,9,25.0
181,2017-03-11,2,0,0,-13,0,25.0
182,2017-03-12,0,0,0,-5,0,25.0
183,2017-03-13,4,12,-2,-4,9,26.0
184,2017-03-14,1,6,0,8,9,25.0
185,2017-03-15,5,1,0,10,9,25.0
186,2017-03-16,2,9,1,8,9,25.0
187,2017-03-17,0,16,1,6,9,25.0
188,2017-03-18,2,0,0,31,0,28.0
189,2017-03-19,3,0,0,-8,0,30.0
190,2017-03-20,9,7,0,0,10,30.0
191,2017-03-21,231,9,2,9,9,30.0
192,2017-03-22,281,7,1,6,10,30.0
193,2017-03-23,304,7,1,7,9,30.0
194,2017-03-24,4,3,0,-12,9,31.0
195,2017-03-25,5,0,0,-10,0,31.0
196,2017-03-26,3,0,0,18,0,31.0
197,2017-03-27,0,0,0,32,9,31.0
198,2017-03-28,7,1,0,25,9,31.0
199,2017-03-29,13,6,0,-16,9,31.0
200,2017-03-30,10,7,0,-24,9,31.0
201,2017-03-31,4,9,0,-14,9,31.0
202,2017-04-01,0,0,0,0,0,31.0
203,2017-04-02,0,0,0,22,0,31.0
204,2017-04-03,4,5,0,5,9,31.0
205,2017-04-04,4,1,0,-11,9,31.0
206,2017-04-05,2,2,-1,1,9,31.0
207,2017-04-06,3,3,-1,-5,9,31.0
208,2017-04-07,4,4,0,-2,9,31.0
209,2017-04-08,2,0,0,0,0,31.0
210,2017-04-09,3,0,0,0,0,31.0
211,2017-04-10,2,6,0,0,9,31.0
212,2017-04-11,2,7,0,2,9,31.0
213,2017-04-12,3,7,1,2,9,31.0
214,2017-04-13,2,3,0,0,9,31.0
215,2017-04-14,6,0,0,-2,0,31.0
216,2017-04-15,30,0,0,4,0,31.0
217,2017-04-16,12,0,0,7,0,31.0
218,2017-04-17,1,0,0,12,0,31.0
219,2017-04-18,2,7,-1,4,9,31.0
220,2017-04-19,3,3,0,-3,9,31.0
221,2017-04-20,3,3,1,2,9,31.0
222,2017-04-21,3,3,2,1,9,31.0
223,2017-04-22,3,0,0,-1,0,31.0
224,2017-04-23,2,0,0,1,0,31.0
225,2017-04-24,2,5,0,0,9,31.0
226,2017-04-25,1,3,0,1,9,31.0
227,2017-04-26,2,7,-1,7,9,31.0
228,2017-04-27,4,3,-2,4,9,31.0
229,2017-04-28,3,12,-3,-3,9,31.0
230,2017-04-29,3,0,0,1,0,31.0
231,2017-04-30,3,0,0,0,0,31.0
232,2017-05-01,2,0,0,0,0,31.0
233,2017-05-02,3,1,-2,7,9,31.0
234,2017-05-03,5,1,-1,0,9,31.0
235,2017-05-04,4,8,0,-7,9,31.0
236,2017-05-05,2,10,1,0,9,31.0
237,2017-05-06,1,0,0,1,0,31.0
238,2017-05-07,1,0,0,0,0,31.0
239,2017-05-08,0,8,1,4,9,31.0
240,2017-05-09,3,2,-1,11,9,32.0
241,2017-05-10,5,5,-3,-1,9,32.0
242,2017-05-11,7,15,0,2,9,32.0
243,2017-05-12,5,23,-2,0,9,32.0
244,2017-05-13,3,0,0,-4,0,32.0
245,2017-05-14,1,0,0,-6,0,32.0
246,2017-05-15,4,3,-1,9,9,32.0
247,2017-05-16,3,14,1,15,9,32.0
248,2017-05-17,0,5,3,6,9,32.0
249,2017-05-18,4,3,4,11,9,33.0
250,2017-05-19,4,2,2,-1,9,33.0
251,2017-05-20,33,0,0,10,0,34.0
252,2017-05-21,3,0,0,25,0,34.0
253,2017-05-22,17,11,2,-21,9,34.0
254,2017-05-23,62,2,0,17,9,35.0
255,2017-05-24,79,4,-1,6,9,37.0
256,2017-05-25,22,6,-2,-3,9,37.0
257,2017-05-26,18,17,-1,-2,9,37.0
258,2017-05-27,2,0,0,-12,0,39.0
259,2017-05-28,7,0,0,15,0,39.0
260,2017-05-29,0,0,0,17,0,40.0
261,2017-05-30,69,15,-1,-22,9,40.0
262,2017-05-31,2,5,0,6,9,40.0
263,2017-06-01,2,4,1,16,9,40.0
264,2017-06-02,1,4,2,-1,9,40.0
265,2017-06-03,1,0,0,10,0,40.0
266,2017-06-04,2,0,0,8,0,40.0
267,2017-06-05,1,0,2,15,9,40.0
268,2017-06-06,3,1,1,1,9,40.0
269,2017-06-07,8,2,0,9,9,44.0
270,2017-06-08,4,5,0,99,9,46.0
271,2017-06-09,14,6,0,-15,9,46.0
272,2017-06-10,7,0,0,-31,0,47.0
273,2017-06-11,7,0,0,73,0,47.0
274,2017-06-12,7,3,0,-55,9,47.0
275,2017-06-13,164,6,0,75,9,49.0
276,2017-06-14,177,6,-2,20,9,49.0
277,2017-06-15,138,3,-3,29,9,49.0
278,2017-06-16,86,4,-2,108,9,49.0
279,2017-06-17,78,0,0,-86,0,49.0
280,2017-06-18,95,0,0,69,0,49.0
281,2017-06-19,21,5,0,-17,9,49.0
282,2017-06-20,26,9,0,-57,9,50.0
283,2017-06-21,0,2,1,77,9,50.0
284,2017-06-22,19,0,0,-54,9,50.0
285,2017-06-23,2,4,-1,22,9,50.0
286,2017-06-24,1,0,0,27,0,50.0
287,2017-06-25,13,0,0,29,0,50.0
288,2017-06-26,2,16,2,32,9,52.0
289,2017-06-27,5,1,1,11,9,53.0
290,2017-06-28,6,0,0,-14,9,52.0
291,2017-06-29,2,0,0,0,9,52.0
292,2017-06-30,5,5,1,24,9,52.0
293,2017-07-01,1,0,0,30,0,53.0
294,2017-07-02,9,0,0,0,0,52.0
295,2017-07-03,4,4,0,-9,9,53.0
296,2017-07-04,18,3,0,-15,9,51.0
297,2017-07-05,6,4,0,-4,9,51.0
298,2017-07-06,7,10,-2,37,9,51.0
299,2017-07-07,12,4,-3,-30,9,51.0
300,2017-07-08,1,0,0,49,0,51.0
301,2017-07-09,7,0,0,-12,0,51.0
302,2017-07-10,2,2,-2,-3,9,51.0
303,2017-07-11,8,1,0,54,9,52.0
304,2017-07-12,9,4,0,-22,9,52.0
305,2017-07-13,16,5,0,15,9,52.0
306,2017-07-14,14,3,0,6,9,52.0
307,2017-07-15,4,0,0,12,0,54.0
308,2017-07-16,52,0,0,62,0,54.0
309,2017-07-17,2,4,1,12,9,55.0
310,2017-07-18,9,3,0,-8,9,55.0
311,2017-07-19,1,3,0,-16,9,61.0
312,2017-07-20,60,4,0,-6,9,59.0
313,2017-07-21,12,4,1,42,9,59.0
314,2017-07-22,13,0,0,-65,0,63.0
315,2017-07-23,10,0,0,41,0,63.0
316,2017-07-24,8,4,0,5,9,63.0
317,2017-07-25,6,6,0,-17,9,63.0
318,2017-07-26,9,2,0,0,9,66.0
319,2017-07-27,7,3,0,14,9,66.0
320,2017-07-28,10,4,0,2,9,66.0
321,2017-07-29,13,0,0,5,0,66.0
322,2017-07-30,13,0,0,-7,0,66.0
323,2017-07-31,8,4,0,6,8,66.0
324,2017-08-01,11,3,0,3,8,66.0
325,2017-08-02,10,5,0,-4,8,66.0
326,2017-08-03,21,5,1,6,9,67.0
327,2017-08-04,1,5,1,20,9,67.0
328,2017-08-05,5,0,0,-4,0,67.0
329,2017-08-06,25,0,0,3,0,71.0
330,2017-08-07,25,4,0,-37,9,71.0
331,2017-08-08,13,5,0,9,9,70.0
332,2017-08-09,6,5,-2,-66,9,69.0
333,2017-08-10,17,5,-2,74,9,69.0
334,2017-08-11,22,5,-1,-13,9,69.0
335,2017-08-12,12,0,0,-44,0,71.0
336,2017-08-13,10,0,0,44,0,72.0
337,2017-08-14,8,6,0,-23,9,72.0
338,2017-08-15,0,6,3,28,9,75.0
339,2017-08-16,6,5,4,-10,8,75.0
340,2017-08-17,3,4,3,34,8,75.0
341,2017-08-18,8,5,0,-9,8,75.0
342,2017-08-19,2,0,0,14,0,76.0
343,2017-08-20,1,0,0,40,0,76.0
344,2017-08-21,11,2,0,-37,8,76.0
345,2017-08-22,10,6,0,56,8,76.0
346,2017-08-23,9,2,0,-13,8,76.0
347,2017-08-24,1,4,0,12,8,77.0
348,2017-08-25,2,1,0,13,8,77.0
349,2017-08-26,4,0,0,-6,0,77.0
350,2017-08-27,3,0,0,35,0,77.0
351,2017-08-28,8,0,0,-15,0,77.0
352,2017-08-29,4,11,0,32,8,77.0
353,2017-08-30,7,2,-1,2,8,77.0
354,2017-08-31,3,20,-1,-8,8,77.0
355,2017-09-01,4,20,-1,49,0,77.0
356,2017-09-02,14,0,0,-27,0,78.0
357,2017-09-03,2,0,0,24,0,80.0
358,2017-09-04,1,3,2,53,8,80.0
359,2017-09-05,13,3,1,-54,9,81.0
360,2017-09-06,11,0,-1,93,8,82.0
361,2017-09-07,6,0,1,76,9,80.0
362,2017-09-08,29,0,3,-5,8,81.0
363,2017-09-09,31,0,0,-10,0,82.0
364,2017-09-10,8,0,0,45,0,82.0
365,2017-09-11,9,10,0,7,8,82.0
366,2017-09-12,29,3,0,-17,8,82.0
367,2017-09-13,15,2,-1,36,8,82.0
368,2017-09-14,15,0,1,25,8,83.0
369,2017-09-15,12,5,-2,65,8,89.0
370,2017-09-16,4,0,0,66,0,90.0
371,2017-09-17,43,0,0,-123,0,93.0
372,2017-09-18,10,1,0,41,8,93.0
373,2017-09-19,0,0,1,104,8,93.0
374,2017-09-20,46,4,-1,-114,8,93.0
375,2017-09-21,2,1,-2,3,8,93.0
376,2017-09-22,8,4,0,123,8,93.0
377,2017-09-23,32,0,0,-74,0,95.0
378,2017-09-24,0,0,0,-3,0,96.0
379,2017-09-25,15,4,0,87,8,97.0
380,2017-09-26,28,19,-2,-60,8,96.0
381,2017-09-27,4,15,-1,-7,8,97.0
382,2017-09-28,5,11,0,90,8,95.0
383,2017-09-29,30,0,0,-64,8,96.0
384,2017-09-30,3,0,0,-13,0,96.0
385,2017-10-01,6,0,0,103,0,96.0
386,2017-10-02,43,3,-1,-56,8,97.0
387,2017-10-03,3,1,-1,-22,8,96.0
388,2017-10-04,9,1,0,104,8,95.0
389,2017-10-05,26,0,0,-49,8,96.0
390,2017-10-06,3,2,-1,-15,8,97.0
391,2017-10-07,11,0,0,83,0,97.0
392,2017-10-08,25,0,0,-38,0,96.0
393,2017-10-09,3,1,0,-30,8,98.0
394,2017-10-10,19,1,1,76,8,99.0
395,2017-10-11,34,0,0,-21,8,99.0
396,2017-10-12,6,3,-1,-28,8,98.0
397,2017-10-13,7,0,1,80,8,97.0
398,2017-10-14,21,0,0,-45,0,102.0
399,2017-10-15,5,0,0,-51,0,104.0
400,2017-10-16,20,2,1,106,8,103.0
401,2017-10-17,30,0,0,-1,8,104.0
402,2017-10-18,7,0,0,37,8,106.0
403,2017-10-19,2,2,0,7,8,106.0
404,2017-10-20,48,8,0,-29,8,105.0
405,2017-10-21,5,0,0,5,0,107.0
406,2017-10-22,1,0,0,4,0,106.0
407,2017-10-23,2,5,-1,25,8,106.0
408,2017-10-24,0,5,-2,6,8,106.0
409,2017-10-25,1,3,-1,22,8,106.0
410,2017-10-26,10,11,-1,45,8,108.0
411,2017-10-27,34,3,0,-62,8,105.0
412,2017-10-28,7,0,0,42,0,104.0
413,2017-10-29,4,0,0,65,0,107.0
414,2017-10-30,49,27,0,-79,8,107.0
415,2017-10-31,17,4,1,30,8,107.0
416,2017-11-01,1,0,1,29,8,109.0
417,2017-11-02,14,8,1,-34,8,109.0
418,2017-11-03,7,6,0,28,8,107.0
419,2017-11-04,12,0,0,-13,0,111.0
420,2017-11-05,2,0,0,0,0,111.0
421,2017-11-06,5,1,0,41,8,111.0
422,2017-11-07,1,2,0,2,8,113.0
423,2017-11-08,2,15,-1,36,8,113.0
424,2017-11-09,6,4,0,-11,8,113.0
425,2017-11-10,5,16,0,38,8,113.0
426,2017-11-11,0,0,0,5,0,115.0
427,2017-11-12,18,0,0,3,0,115.0
428,2017-11-13,44,5,-1,-106,8,122.0
429,2017-11-14,36,3,1,-54,8,129.0
430,2017-11-15,15,2,0,57,8,128.0
431,2017-11-16,65,0,0,-183,8,132.0
432,2017-11-17,59,1,-2,-101,8,132.0
433,2017-11-18,6,0,0,10,0,132.0
434,2017-11-19,20,0,0,128,0,135.0
435,2017-11-20,95,2,-1,-88,8,135.0
436,2017-11-21,5,2,-1,-8,8,135.0
437,2017-11-22,31,15,0,118,8,135.0
438,2017-11-23,45,3,1,-64,8,131.0
439,2017-11-24,3,7,2,-17,8,131.0
440,2017-11-25,6,0,0,129,0,130.0
441,2017-11-26,107,0,0,-90,0,136.0
442,2017-11-27,4,16,1,-17,8,136.0
443,2017-11-28,1,3,1,30,8,142.0
444,2017-11-29,12,5,0,13,8,139.0
445,2017-11-30,8,2,-1,27,8,139.0
446,2017-12-01,14,1,-1,1,8,139.0
447,2017-12-02,89,0,0,-59,0,147.0
448,2017-12-03,9,0,0,29,0,146.0
449,2017-12-04,11,6,-1,71,8,148.0
450,2017-12-05,16,59,-1,24,8,147.0
451,2017-12-06,14,21,0,58,8,147.0
452,2017-12-07,3851,16,0,119,8,167.0
453,2017-12-08,4109,52,0,1278,8,206.0
454,2017-12-09,4862,0,0,855,0,206.0
455,2017-12-10,188,0,0,-1269,0,221.0
456,2017-12-11,393,0,0,409,0,225.0
457,2017-12-12,56,30,0,172,8,225.0
458,2017-12-13,284,17,-1,690,8,229.0
459,2017-12-14,519,0,0,-1193,0,234.0
460,2017-12-15,75,20,-1,-626,8,235.0
461,2017-12-16,265,0,0,1189,0,249.0
462,2017-12-17,347,0,0,321,0,250.0
463,2017-12-18,449,8,-1,-1285,8,251.0
464,2017-12-19,247,12,0,244,8,254.0
465,2017-12-20,348,58,1,643,8,257.0
466,2017-12-21,124,26,2,650,8,260.0
467,2017-12-22,100,0,0,-493,0,268.0
468,2017-12-23,165,0,0,209,0,268.0
469,2017-12-24,104,0,0,161,0,277.0
470,2017-12-25,33,0,0,257,0,276.0
471,2017-12-26,85,0,0,-59,0,276.0
472,2017-12-27,56,20,2,-236,8,276.0
473,2017-12-28,112,23,1,436,8,289.0
474,2017-12-29,179,0,0,-264,0,297.0
475,2017-12-30,19,0,0,-229,0,297.0
476,2017-12-31,60,0,0,112,0,299.0
477,2018-01-01,32,0,0,329,0,300.0
478,2018-01-02,179,5,0,-316,8,302.0
479,2018-01-03,48,20,-1,3,8,308.0
480,2018-01-04,65,16,0,292,8,308.0
481,2018-01-05,97,15,0,-47,8,308.0
482,2018-01-06,116,0,0,162,0,322.0
483,2018-01-07,46,0,0,345,0,322.0
484,2018-01-08,161,1,2,-225,8,322.0
485,2018-01-09,337,3,2,64,8,339.0
486,2018-01-10,394,6,1,524,8,339.0
487,2018-01-11,23,5,0,305,8,339.0
488,2018-01-12,270,4,-1,-241,8,343.0
489,2018-01-13,107,0,0,-139,0,345.0
490,2018-01-14,154,0,0,520,0,339.0
491,2018-01-15,224,1,-2,-47,8,345.0
492,2018-01-16,87,0,-1,-354,8,339.0
493,2018-01-17,183,3,-1,200,8,345.0
494,2018-01-18,205,6,1,-248,8,364.0
495,2018-01-19,183,8,2,-372,8,364.0
496,2018-01-20,178,0,0,529,0,366.0
497,2018-01-21,124,0,0,332,0,370.0
498,2018-01-22,233,7,2,-456,8,375.0
499,2018-01-23,235,18,1,-51,8,375.0
500,2018-01-24,321,2,0,406,8,375.0
501,2018-01-25,53,0,-1,321,8,375.0
502,2018-01-26,346,13,-2,-177,8,374.0
503,2018-01-27,163,0,0,-394,0,374.0
504,2018-01-28,192,0,0,305,0,374.0
505,2018-01-29,97,12,-1,70,8,374.0
506,2018-01-30,167,3,0,-266,8,374.0
507,2018-01-31,19,3,2,-128,8,376.0
508,2018-02-01,154,1,2,226,8,375.0
509,2018-02-02,235,3,1,142,8,377.0
510,2018-02-03,126,0,0,302,0,377.0
511,2018-02-04,133,0,0,67,0,377.0
512,2018-02-05,1,7,0,121,8,377.0
513,2018-02-06,245,103,0,-378,8,384.0
514,2018-02-07,113,60,-3,-35,8,384.0
515,2018-02-08,17,108,-3,321,8,386.0
516,2018-02-09,321,1,-1,-149,8,386.0
517,2018-02-10,162,0,0,-358,0,386.0
518,2018-02-11,204,0,0,-11,0,385.0
519,2018-02-12,230,0,0,345,8,385.0
520,2018-02-13,80,3,0,194,8,385.0
521,2018-02-14,78,6,1,63,8,386.0
522,2018-02-15,65,2,1,133,8,387.0
523,2018-02-16,28,0,1,7,8,387.0
524,2018-02-17,89,0,0,101,0,387.0
525,2018-02-18,3,0,0,53,0,388.0
526,2018-02-19,103,4,0,-121,8,388.0
527,2018-02-20,25,7,-2,-14,8,388.0
528,2018-02-21,45,0,0,158,8,388.0
529,2018-02-22,9,42,0,17,8,387.0
530,2018-02-23,17,11,-1,31,8,391.0
531,2018-02-24,20,0,0,72,0,391.0
532,2018-02-25,30,0,0,-17,0,391.0
533,2018-02-26,26,9,0,-29,8,392.0
534,2018-02-27,55,3,-1,-3,8,394.0
535,2018-02-28,26,3,-1,-50,8,394.0
536,2018-03-01,20,7,0,31,8,394.0
537,2018-03-02,36,20,0,34,8,394.0
538,2018-03-03,43,0,0,-54,0,394.0
539,2018-03-04,37,0,0,75,0,394.0
540,2018-03-05,22,29,1,59,8,393.0
541,2018-03-06,55,13,0,-65,8,393.0
542,2018-03-07,18,7,0,36,8,394.0
543,2018-03-08,20,11,0,42,8,394.0
544,2018-03-09,32,7,0,68,8,394.0
545,2018-03-10,11,0,0,21,0,395.0
546,2018-03-11,10,0,0,37,0,395.0
547,2018-03-12,37,15,0,64,8,395.0
548,2018-03-13,23,21,0,39,8,395.0
549,2018-03-14,6,60,-1,48,8,394.0
550,2018-03-15,44,45,0,-39,8,394.0
551,2018-03-16,4,3,-1,5,8,396.0
552,2018-03-17,8,0,0,47,0,395.0
553,2018-03-18,36,0,0,-7,0,395.0
554,2018-03-19,4,25,-1,-13,8,395.0
555,2018-03-20,20,5,0,59,8,394.0
556,2018-03-21,27,44,0,15,8,394.0
557,2018-03-22,11,21,0,-15,8,394.0
558,2018-03-23,11,39,1,46,8,393.0
559,2018-03-24,25,0,0,7,0,393.0
560,2018-03-25,13,0,0,-11,0,393.0
561,2018-03-26,11,21,1,39,8,392.0
562,2018-03-27,24,30,1,10,8,392.0
563,2018-03-28,26,24,0,-32,8,392.0
564,2018-03-29,19,40,0,34,8,392.0
565,2018-03-30,8,0,0,40,0,392.0
566,2018-03-31,47,0,0,-61,0,395.0
567,2018-04-01,22,0,0,7,0,394.0
568,2018-04-02,17,0,0,87,0,394.0
569,2018-04-03,48,35,1,-50,8,394.0
570,2018-04-04,19,6,-1,3,8,394.0
571,2018-04-05,21,5,-1,93,8,393.0
572,2018-04-06,29,0,-2,-10,8,393.0
573,2018-04-07,50,0,0,100,0,393.0
574,2018-04-08,37,0,0,-9,0,392.0
575,2018-04-09,7,15,0,28,8,392.0
576,2018-04-10,3,70,-1,-52,8,396.0
577,2018-04-11,31,11,1,38,8,392.0
578,2018-04-12,36,16,1,5,8,395.0
579,2018-04-13,5,1,1,-37,8,394.0
580,2018-04-14,38,0,0,98,0,394.0
581,2018-04-15,42,0,0,-8,0,394.0
582,2018-04-16,13,61,1,-41,8,395.0
583,2018-04-17,38,58,0,93,8,393.0
584,2018-04-18,35,28,0,-5,8,394.0
585,2018-04-19,16,47,0,47,8,392.0
586,2018-04-20,18,126,0,10,8,391.0
587,2018-04-21,1,0,0,19,0,392.0
588,2018-04-22,5,0,0,7,0,392.0
589,2018-04-23,218902,14,0,387,8,
590,2018-04-24,1,0,0,21,8,391.45478255691614
591,2018-04-25,2,0,0,37,8,391.8365887180359
592,2018-04-26,18,0,0,-8,8,391.51835231935524
593,2018-04-27,20,0,0,-14,8,391.54154777360253
594,2018-04-28,2,0,0,5,0,391.24370206487544
595,2018-04-29,19,0,0,-37,0,394.80987307297545
596,2018-04-30,9,40,0,46,8,391.29448952247
597,2018-05-01,40,19,0,-49,8,390.95134434805067
598,2018-05-02,21,126,0,36,8,390.6176095833708
599,2018-05-03,0,41,0,55,8,390.25078753105777
600,2018-05-04,38,57,0,-41,8,390.1813105376014
601,2018-05-05,18,0,0,35,0,389.80735675546873
602,2018-05-06,0,0,0,53,0,389.51789280592726
603,2018-05-07,39,0,0,-37,0,389.1921049938274
604,2018-05-08,11,15,0,19,8,388.85545370795944
605,2018-05-09,0,0,0,51,8,388.9782695283043
606,2018-05-10,37,0,0,-36,8,388.69996590590586
607,2018-05-11,13,1,0,23,8,388.37167813279626
608,2018-05-12,7,0,0,40,0,389.75229852692735
609,2018-05-13,37,0,0,-49,0,389.3583809841018
610,2018-05-14,23,0,0,39,8,389.0397773575508
611,2018-05-15,0,2,0,51,8,388.69608188350253
612,2018-05-16,39,0,0,-44,8,388.40235411349863
613,2018-05-17,15,13,0,21,8,388.07141011771444
614,2018-05-18,11,159,0,53,8,390.20598215382495
615,2018-05-19,37,0,0,-42,0,388.93076282665305
616,2018-05-20,23,0,0,53,0,387.34929340445274
617,2018-05-21,11,10,0,12,8,387.1327962681771
618,2018-05-22,13,3,0,-19,8,386.86016210738694
619,2018-05-23,17,89,0,33,8,386.54278383403175
620,2018-05-24,3,155,0,18,8,387.7989927239586
621,2018-05-25,40,16,0,20,8,387.4519141521972
622,2018-05-26,18,0,0,-15,0,387.110971565561
623,2018-05-27,42,0,0,-19,0,387.11497688874965
624,2018-05-28,7,0,0,5,0,386.63000985900385
625,2018-05-29,29,42,0,29,8,386.51292747358866
626,2018-05-30,16,1,0,58,8,386.1903344833539
627,2018-05-31,34,24,0,-12,8,385.89059101890996
628,2018-06-01,11,4,0,-26,8,385.5750147700263
629,2018-06-02,32,0,0,42,0,385.3124591389399
630,2018-06-03,5,0,0,49,0,385.01782414105713
631,2018-06-04,33,0,0,-16,8,384.70777620254177
632,2018-06-05,0,2,0,25,8,384.3541049175914
633,2018-06-06,11,0,0,-9,8,384.07864235864946
634,2018-06-07,9,13,0,18,8,383.7724165356753
635,2018-06-08,2,7,0,24,8,383.4685457305304
636,2018-06-09,12,0,0,-7,0,383.1664767628367
637,2018-06-10,5,0,0,10,0,382.86145412674244
638,2018-06-11,28,10,0,-50,8,384.1002013598664
639,2018-06-12,34,4,0,26,8,383.8469772820664
640,2018-06-13,17,10,0,54,8,383.5426620561245
641,2018-06-14,52,3,0,-60,8,384.24858431401844
642,2018-06-15,4,0,0,-8,8,384.2711706464726
643,2018-06-16,22,0,0,55,0,383.9707911563135
644,2018-06-17,29,0,0,-8,0,383.88223446717404
645,2018-06-18,14,11,0,-30,8,383.57832340046065
646,2018-06-19,23,15,0,18,8,383.2804661793726
647,2018-06-20,11,1,0,6,8,383.0385991788405
648,2018-06-21,9,4,0,-17,8,382.742692083699
649,2018-06-22,18,0,-1,33,8,382.4455169044538
650,2018-06-23,5,0,0,-27,0,382.625830065998
651,2018-06-24,1,0,0,78,0,382.1155699109908
652,2018-06-25,66,1,0,-133,8,381.73195549739546
653,2018-06-26,24101,1,0,45,8,
654,2018-06-27,49,0,0,-17,8,381.10318941334737
655,2018-06-28,14,3,0,21,8,381.09602879918236
656,2018-06-29,1,0,0,24,8,380.8027620888642
657,2018-06-30,19,0,0,-23,0,380.6120385733318
658,2018-07-01,42,0,0,21,0,380.3748446252574
659,2018-07-02,3,1,0,30,8,380.3782918635634
660,2018-07-03,94,0,0,-164,0,379.69197597171393
661,2018-07-04,88,3,0,132,8,379.4476404113522
662,2018-07-05,1,57,0,3,8,379.617011050003
663,2018-07-06,57,36,0,-136,8,378.3461242329257
664,2018-07-07,5,0,0,1,0,378.862614973989
665,2018-07-08,13,0,0,37,0,378.57618244071557
666,2018-07-09,11,29,0,-1,8,378.3362871556316
667,2018-07-10,2,72,0,-3,8,378.05380172717787
668,2018-07-11,5,87,0,20,8,377.8637580779288
669,2018-07-12,9,45,0,-1,8,377.59504103709895
670,2018-07-13,0,44,0,1,8,377.310216348232
671,2018-07-14,74,0,0,-152,0,376.83487551637705
672,2018-07-15,84,0,0,149,0,376.69736204818787
673,2018-07-16,55,68,0,-28,8,376.26580175449675
674,2018-07-17,39633,14,0,67,8,
675,2018-07-18,1,77,0,17,7,376.2440532639694
676,2018-07-19,17,61,0,12,8,376.32663178415896
677,2018-07-20,16,50,0,-14,8,376.0545146857208
678,2018-07-21,8,0,0,7,0,375.777974246195
679,2018-07-22,6,0,0,17,0,375.50087992735615
680,2018-07-23,3,48,1,25,8,375.2526817119416
681,2018-07-24,2,113,0,26,8,375.08874765283986
682,2018-07-25,17,43,0,-4,8,374.8120261328797
683,2018-07-26,86,82,0,158,8,375.004244101298
684,2018-07-27,21,8,0,6,8,374.84744096488606
685,2018-07-28,28,0,0,-46,0,374.7292390508735
686,2018-07-29,39,0,0,40,0,374.67311217893075
687,2018-07-30,10,94,0,54,8,374.3998026451959
688,2018-07-31,32,38,0,-10,8,374.1213447239874
689,2018-08-01,3,140,0,3,8,373.9119792137672
690,2018-08-02,101,68,0,-169,8,373.7648854359776
691,2018-08-03,78,171,0,113,8,373.44973846183444
692,2018-08-04,31,0,0,3,0,373.5155984302811
693,2018-08-05,31,0,0,-53,0,373.26168363718597
694,2018-08-06,16,0,0,-10,8,371.86331957095
695,2018-08-07,38,2,0,60,8,372.80119836114005
696,2018-08-08,13,0,0,28,8,372.52412928550353
697,2018-08-09,45,0,0,-60,8,372.438642960618
698,2018-08-10,8,6,0,-38,8,372.35163416072476
699,2018-08-11,54,0,0,67,0,372.08309922586415
700,2018-08-12,16,0,0,20,0,372.01344841905455
701,2018-08-13,27,0,0,-127,8,366.5589170997281
702,2018-08-14,87,1,0,177,8,371.4658724577168
703,2018-08-15,10,1,0,14,8,371.3014863049621
704,2018-08-16,8,0,-1,31,8,371.06066566589436
705,2018-08-17,16,0,0,-1,8,370.79634597095696
706,2018-08-18,8,0,0,-14,0,370.5415305016
707,2018-08-19,18,0,0,27,0,370.3191527903668
708,2018-08-20,2,0,0,20,8,370.06080725175065
709,2018-08-21,10,16,0,2,8,369.8034549203638
710,2018-08-22,8,75,0,-12,8,369.55098450730264
711,2018-08-23,19,25,0,31,8,369.33959818806386
712,2018-08-24,9,62,0,-46,8,369.1354094662365
713,2018-08-25,53,0,0,123,0,368.9574478898288
714,2018-08-26,52,0,0,-64,0,368.7456112353067
715,2018-08-27,13,0,0,18,0,364.087085087059
716,2018-08-28,12,2,0,67,8,368.2308360792677
717,2018-08-29,30,142,1,-56,8,368.16572678281767
718,2018-08-30,19,67,0,75,8,362.9559275253549
719,2018-08-31,32,61,0,-16,8,367.6967177748152
720,2018-09-01,5,0,0,-28,0,367.4646499090515
721,2018-09-02,32,0,0,87,0,367.201717436443
722,2018-09-03,34,41,0,-42,8,367.0100933340373
723,2018-09-04,32,32,-1,-20,8,366.790941288006
724,2018-09-05,2,3,-1,-18,8,366.5330497481471
725,2018-09-06,33,16,0,-50,8,366.2839678813457
726,2018-09-07,2,0,0,10,8,362.09096524466605
727,2018-09-08,26,0,0,21,0,366.70303849126196
728,2018-09-09,1,0,0,17,0,366.43410757337966
729,2018-09-10,17,0,0,-7,8,366.2817105057347
730,2018-09-11,1,0,0,13,8,361.51904390148786
731,2018-09-12,2,2,0,13,8,365.723871904364
732,2018-09-13,10,2,0,-7,8,365.4985259135209
733,2018-09-14,7,2,0,22,8,365.248675212152
734,2018-09-15,1,0,0,17,0,365.03866456255855
735,2018-09-16,4,0,0,1,0,363.69541372728
736,2018-09-17,0,1,1,11,8,364.5406036492431
737,2018-09-18,6,0,0,2,8,359.69898981004087
738,2018-09-19,10,0,0,-14,8,360.8813347246533
739,2018-09-20,4,0,1,27,8,359.1375919185229
740,2018-09-21,4,0,0,6,8,358.57274004947584
741,2018-09-22,7,0,0,15,0,363.4342804242843
742,2018-09-23,5,0,0,32,0,363.18919469577554
743,2018-09-24,12,8,1,-22,8,358.5674334591406
744,2018-09-25,6,0,0,17,8,362.6244824700325
745,2018-09-26,6,6,0,12,8,362.46091237401555
746,2018-09-27,17,4,0,-23,8,362.247927316421
747,2018-09-28,4,1,0,10,8,362.05544688771477
748,2018-09-29,3,0,0,17,0,361.80783647919446
749,2018-09-30,18,0,0,-10,0,361.6598046394805
750,2018-10-01,1,19,0,-2,8,361.4239617831069
751,2018-10-02,12,5,0,22,8,361.1815548658929
752,2018-10-03,17,5,1,-25,8,360.9090848871248
753,2018-10-04,12,15,0,-12,8,360.72375735087
754,2018-10-05,7,0,0,6,8,360.4671375284336
755,2018-10-06,12,0,0,31,0,360.24760735805404
756,2018-10-07,10,0,0,9,0,360.0070053054515
757,2018-10-08,17,0,0,-19,8,359.7478544466717
758,2018-10-09,9,27,0,9,8,359.5300931355897
759,2018-10-10,7,0,0,23,8,359.2903381834039
760,2018-10-11,12,2,0,-17,8,359.01277270211926
761,2018-10-12,9,0,1,6,8,359.0350606328181
762,2018-10-13,8,0,0,-11,0,358.53592935432266
763,2018-10-14,9,0,0,32,0,358.55625293151775
764,2018-10-15,12,3,0,-7,8,358.3131670050078
765,2018-10-16,77213,2,0,108,8,
766,2018-10-17,6,6,0,33,8,357.2949319574043
767,2018-10-18,19,20,0,-21,8,357.6863416899941
768,2018-10-19,7,0,0,19,8,357.44999642245295
769,2018-10-20,5,0,0,11,0,353.27074892272253
770,2018-10-21,10,0,0,-16,0,355.98133328550773
771,2018-10-22,9,5,0,39,8,353.1059773555653
772,2018-10-23,10,3,1,-6,8,352.88154182032486
773,2018-10-24,5,5,0,-8,8,356.32708062287134
774,2018-10-25,10,1,-1,15,8,356.0937686775981
775,2018-10-26,1,0,0,17,9,355.86269858289853
776,2018-10-27,9,0,0,0,0,355.6364182872618
777,2018-10-28,2,0,0,27,0,355.3725076273518
778,2018-10-29,6,2,0,11,8,355.1744705988314
779,2018-10-30,7,1,0,0,8,354.9709289594502
780,2018-10-31,5,0,0,-2,8,354.73609481019326
781,2018-11-01,3,0,0,6,8,354.5023021985004
782,2018-11-02,12,0,0,35,8,354.24444143375723
783,2018-11-03,8,0,0,-7,0,349.78685781837237
784,2018-11-04,0,0,0,3,0,353.78350799534155
785,2018-11-05,3,2,0,24,9,353.55032471388654
786,2018-11-06,11,2,1,-10,9,353.33071720512686
787,2018-11-07,5,0,0,18,9,353.10390875356285
788,2018-11-08,0,1,0,15,8,352.882399575728
789,2018-11-09,8,6,0,-7,8,348.64644155430335
790,2018-11-10,0,0,0,8,0,352.4545306849659
791,2018-11-11,3,0,0,10,0,352.20051119726907
792,2018-11-12,1,5,0,6,8,352.07326444406243
793,2018-11-13,6,1,0,20,9,351.76864019808113
794,2018-11-14,9,0,0,1,8,351.5489306082455
795,2018-11-15,15,11,0,-18,9,351.4122312787966
796,2018-11-16,14,0,1,-10,9,350.9805305508448
797,2018-11-17,8,0,0,-10,0,351.29021663946526
798,2018-11-18,5,0,0,21,0,351.0761664850354
799,2018-11-19,8,0,0,-2,9,350.8480644623977
800,2018-11-20,9,0,0,-16,9,346.1113882724011
801,2018-11-21,3,0,0,-57,9,349.14385257471884
802,2018-11-22,47,0,0,35,9,351.11425077868415
803,2018-11-23,19,5,0,65,9,350.893361994422
804,2018-11-24,52,0,0,-42,0,350.885054353461
805,2018-11-25,3,0,0,-36,0,350.6610264150995
806,2018-11-26,12,2,-1,-16,8,350.9703581170013
807,2018-11-27,37,4,0,56,8,350.7549909844237
808,2018-11-28,20,0,0,7,8,350.5698208434082
809,2018-11-29,9,2,0,-2,8,350.4535583088286
810,2018-11-30,4,9,0,11,9,350.25285263810764
811,2018-12-01,1,0,0,8,0,350.03549856199686
812,2018-12-02,13,0,0,-18,0,349.87021519152427
813,2018-12-03,11,3,0,8,9,349.66537476916267
814,2018-12-04,6,4,1,18,8,349.45240340981456
815,2018-12-05,16,48,0,-16,9,349.29543107873417
816,2018-12-06,1,19,0,-15,9,349.0868775618962
817,2018-12-07,13,25,0,9,9,348.890444392399
818,2018-12-08,9,0,0,-13,0,348.92088810410826
819,2018-12-09,9,0,0,7,0,348.70940822090324
820,2018-12-10,6,0,0,18,0,348.4938181063331
821,2018-12-11,5,0,0,7,0,348.2750752893661
822,2018-12-12,14,1,0,-20,9,348.08147574590623
823,2018-12-13,7,8,0,-1,9,347.8674273542434
824,2018-12-14,12,0,0,21,0,347.65622722359296
825,2018-12-15,12,0,0,-5,0,347.47996446478777
826,2018-12-16,5,0,0,-13,0,347.2678092823861
827,2018-12-17,12,0,0,12,0,347.0589802825223
828,2018-12-18,8,2,0,28,9,346.8592503278046
829,2018-12-19,8,5,0,11,8,346.68144105539193
830,2018-12-20,5,0,1,6,9,346.56624417180984
831,2018-12-21,0,57,0,10,9,346.3938642943893
832,2018-12-22,0,0,0,14,0,346.2216617179459
833,2018-12-23,20,0,0,-27,0,346.0848328464029
834,2018-12-24,16,0,0,10,0,345.9224510081942
835,2018-12-25,8,0,0,23,0,345.71200181769257
836,2018-12-26,20,0,0,-18,0,345.57356247412037
837,2018-12-27,2,30,0,-8,9,345.3724932693237
838,2018-12-28,15,2,0,22,9,345.1635338763836
839,2018-12-29,8,0,0,2,0,345.0002825388716
840,2018-12-30,0,0,0,7,0,344.85424668323617
841,2018-12-31,10,0,0,-13,0,344.6917456249001
842,2019-01-01,7,0,0,4,0,344.4847083188079
843,2019-01-02,5,1,0,12,9,344.2788481089806
844,2019-01-03,0,2,1,15,9,344.0848915672407
845,2019-01-04,10,3,0,-3,9,343.878622021683
846,2019-01-05,4,0,0,-10,0,343.67348843512406
847,2019-01-06,11,0,0,13,0,343.4737322998453
848,2019-01-07,4,0,0,21,9,343.27460634003523
849,2019-01-08,7,2,1,7,9,343.0852413281946
850,2019-01-09,11,0,0,-12,9,342.88143052462345
851,2019-01-10,4,2,1,0,9,342.6773656585456
852,2019-01-11,2,0,0,-6,9,342.55204477836065
853,2019-01-12,0,0,0,-7,0,342.38533142083446
854,2019-01-13,10,0,0,13,0,342.18296575947824
855,2019-01-14,2,0,0,7,9,341.9910261421263
856,2019-01-15,9,2,0,-11,9,341.80208916655056
857,2019-01-16,10,0,0,13,9,341.63014258944196
858,2019-01-17,1,0,1,9,9,341.43890086985914
859,2019-01-18,7,0,0,-3,9,341.23918492539764
860,2019-01-19,0,0,0,0,0,341.03982829373444
861,2019-01-20,7,0,0,14,0,340.8430866105986
862,2019-01-21,3,0,0,7,9,340.64317315658496
863,2019-01-22,15,52,0,-21,9,340.4815987782004
864,2019-01-23,9,11,0,0,9,340.28278859709934
865,2019-01-24,14,5,0,28,9,340.0879400584904
866,2019-01-25,11,11,0,3,9,339.894282805746
867,2019-01-26,10,0,0,-14,0,339.697067755012
868,2019-01-27,6,0,0,0,0,339.4993330406485
869,2019-01-28,8,9,0,16,9,339.3025575732495
870,2019-01-29,6,2,1,3,9,339.1067781354527
871,2019-01-30,11,2,0,-18,9,338.92826250404494
872,2019-01-31,8,1,0,0,9,338.7327317464362
873,2019-02-01,13,57,0,25,9,338.54058823073325
874,2019-02-02,10,0,0,2,0,338.3490990338514
875,2019-02-03,8,0,0,-11,0,338.15453653227866
876,2019-02-04,7,3,0,5,9,337.9610502082528
877,2019-02-05,2,2,1,8,9,337.7748846544811
878,2019-02-06,3,3,0,2,9,337.5804705031603
879,2019-02-07,1,1,0,0,9,337.38689360409336
880,2019-02-08,1,0,0,-3,9,337.20380952385824
881,2019-02-09,3,0,0,5,0,337.01047626415686
882,2019-02-10,14,0,0,35,0,336.94135561703445
883,2019-02-11,17,5,0,-1,10,336.75207078304953
884,2019-02-12,12,56,0,-20,10,336.55960293598383
885,2019-02-13,8,2,0,0,10,336.3675438209896
886,2019-02-14,13,2,0,23,10,336.1747205154179
887,2019-02-15,8,2,2,5,10,335.98458794629875
888,2019-02-16,11,0,0,-13,0,335.7934506903269
889,2019-02-17,6,0,0,1,0,335.6021989713081
890,2019-02-18,8,7,0,17,10,335.4121591391379
891,2019-02-19,3,74,1,10,10,335.22462141267283
892,2019-02-20,1,2,0,16,10,335.1253918226839
893,2019-02-21,10,4,1,-4,10,334.936062614119
894,2019-02-22,0,3,0,0,10,334.75286424502315
895,2019-02-23,2,0,0,4,0,334.5634148098437
896,2019-02-24,3,0,0,11,0,334.3764128053214
897,2019-02-25,3,5,-1,19,10,334.23174974752817
898,2019-02-26,30,3,-2,-43,10,334.29077337491935
899,2019-02-27,20,3,0,3,10,334.1269064273221
900,2019-02-28,19,6,-1,37,10,333.9400400268901
901,2019-03-01,14,28,1,5,11,333.7590025052155
902,2019-03-02,8,0,0,-22,0,331.7222250826251
903,2019-03-03,8,0,0,-1,0,333.38645493280495
904,2019-03-04,13,5,0,23,11,333.20268050342736
905,2019-03-05,7,3,0,6,11,333.01709864823755
906,2019-03-06,14,40,-2,-20,11,332.84460021962894
907,2019-03-07,15,4,2,15,11,332.69391708412024
908,2019-03-08,4,8,2,21,11,332.5097200677143
909,2019-03-09,12,0,0,-4,0,332.32593508685653
910,2019-03-10,5,0,0,-12,0,332.1415070639625
911,2019-03-11,13,4,1,16,11,331.9646150307371
912,2019-03-12,0,6,2,13,11,331.7841784582574
913,2019-03-13,12,5,0,-10,11,331.60361998308036
914,2019-03-14,2,5,1,-3,11,331.42078040131145
915,2019-03-15,8,8,2,12,11,331.23836155332594
916,2019-03-16,0,0,0,10,0,331.0561122238887
917,2019-03-17,5,0,0,1,0,330.8799253771334
918,2019-03-18,0,6,-1,5,11,330.7036835647625
919,2019-03-19,2,8,1,1,11,330.52527228640497
920,2019-03-20,0,5,1,2,11,330.3435971550222
921,2019-03-21,2,1,0,8,11,330.1647998208398
922,2019-03-22,1,2,1,6,11,329.98454145679455
923,2019-03-23,7,0,0,-7,0,329.81013038204435
924,2019-03-24,3,0,0,2,0,329.6313311284132
925,2019-03-25,5,3,0,12,11,329.4506033593706
926,2019-03-26,4,5,1,2,11,329.27323421633224
927,2019-03-27,7,5,0,-9,11,329.10047992932977
928,2019-03-28,6,5,0,5,11,328.9201770783387
929,2019-03-29,9,5,-1,24,11,328.7544979526007
930,2019-03-30,11,0,0,0,0,328.577905409736
931,2019-03-31,4,0,0,-4,0,328.4097290567736
932,2019-04-01,3,3,0,4,11,328.2316102368474
933,2019-04-02,3,0,-1,10,11,328.05522315058977
934,2019-04-03,1,5,1,7,11,327.8803585316452
935,2019-04-04,29,3,0,72,11,328.57810256845625
936,2019-04-05,19,4,1,0,11,326.6282845331278
937,2019-04-06,32,0,0,-56,0,328.2300896117255
938,2019-04-07,33,0,0,17,0,328.138062408821
939,2019-04-08,21,5,0,54,11,327.95364869436
940,2019-04-09,21,7,2,10,11,327.8015864545125
941,2019-04-10,23,7,2,-29,11,327.65599296339934
942,2019-04-11,6,8,0,-12,11,327.496687051603
943,2019-04-12,29,5,0,46,11,327.359816205414
944,2019-04-13,24,0,0,-9,0,327.30625975945753
945,2019-04-14,8,0,0,-20,0,327.1361120075027
946,2019-04-15,15,4,0,12,11,326.9608922200489
947,2019-04-16,11,3,0,34,11,326.79079067743606
948,2019-04-17,23,3,0,-13,11,326.64240928844697
949,2019-04-18,2,4,0,-1,11,326.5187933747134
950,2019-04-19,9,0,0,18,0,326.3449769846105
951,2019-04-20,0,0,0,15,0,326.1732787183046
952,2019-04-21,11,0,0,-6,0,326.00067861776364
953,2019-04-22,0,0,0,-1,0,325.8301495297465
954,2019-04-23,5,1,2,9,11,325.6605819751168
955,2019-04-24,4,2,1,20,11,325.5059257963415
956,2019-04-25,3,4,1,14,11,325.3596667316056
957,2019-04-26,16,5,1,-17,11,325.2089061886321
958,2019-04-27,5,0,0,-26,0,325.1159660657362
959,2019-04-28,30,0,0,35,0,324.9787283371295
960,2019-04-29,0,3,2,28,11,324.8106356724153
961,2019-04-30,23,2,0,-16,11,324.6400398526419
962,2019-05-01,4,2,0,-19,11,324.47014822225856
963,2019-05-02,20,3,1,21,11,324.29979980078656
964,2019-05-03,6,3,0,30,11,324.13260168395595
965,2019-05-04,16,0,0,-1,0,323.9671788555675
966,2019-05-05,2,0,0,9,0,323.90143455915506
967,2019-05-06,3,0,0,17,0,323.74572478680767
968,2019-05-07,11,23,-1,-5,11,323.5846766560921
969,2019-05-08,2,3,2,-7,11,323.41501686930536
970,2019-05-09,13,3,1,20,11,323.2595456098972
971,2019-05-10,6,0,1,33,11,323.1329119492016
972,2019-05-11,11,0,0,12,0,323.0301604579689
973,2019-05-12,8,0,0,0,0,322.9221048474338
974,2019-05-13,39,2,1,88,11,324.037047634774
975,2019-05-14,53,1,0,-27,11,324.0576560798011
976,2019-05-15,18,1,1,28,11,325.1583976313124
977,2019-05-16,5,0,0,37,11,325.07775957680116
978,2019-05-17,14,2,0,10,11,324.9328536903134
979,2019-05-18,32,0,0,-51,0,324.82230333677404
980,2019-05-19,0,0,0,-46,0,324.86930784317275
981,2019-05-20,49,2,0,49,11,324.70543577973103
982,2019-05-21,50,0,0,148,11,325.9814413468966
983,2019-05-22,97,2,0,-55,12,326.01723479152326
984,2019-05-23,37,1,1,-109,12,325.85285383210714
985,2019-05-24,63,0,1,18,12,325.7502426096818
986,2019-05-25,63,0,0,133,0,325.65186791454624
987,2019-05-26,56,0,0,12,0,325.4849042071812
988,2019-05-27,58,0,0,-89,0,325.33143618642316
989,2019-05-28,67,0,2,64,12,325.89169690215505
990,2019-05-29,12,34,0,76,12,325.7279209643558
991,2019-05-30,57,7,-2,-38,12,325.57522328578085
992,2019-05-31,13,13,0,-53,12,325.41125070083876
993,2019-06-01,29,0,0,2,0,325.4652276790986
994,2019-06-02,46,0,0,92,0,325.4471272426688
995,2019-06-03,37,1,2,10,12,325.2856364442314
996,2019-06-04,38,7,3,-39,12,323.99249260495077
997,2019-06-05,28,30,2,-62,12,325.493584508304
998,2019-06-06,37,0,0,8,12,325.6077586056396
999,2019-06-07,39,15,-1,81,12,325.4819805276574
1000,2019-06-08,34,0,0,8,0,325.32567986683324
1001,2019-06-09,27,0,0,-33,0,325.17101761851774
1002,2019-06-10,10,34,-1,-7,12,325.01107698661923
1003,2019-06-11,11,3,0,10,12,325.0253529289923
1004,2019-06-12,24,3,0,61,12,325.1142414820009
1005,2019-06-13,34,2,0,-11,12,324.9809085749745
1006,2019-06-14,29952,19,2,37,12,
1007,2019-06-15,15,0,0,22,0,324.73471413719597
1008,2019-06-16,10,0,0,-14,0,324.80318060922474
1009,2019-06-17,29,8,1,7,12,324.6949463563423
1010,2019-06-18,24,15,1,-30,12,324.5521755651209
1011,2019-06-19,30,11,-1,37,12,324.61836761978043
1012,2019-06-20,10,3,-1,10,12,324.5505011887822
1013,2019-06-21,3,2,2,8,12,324.47204443456974
1014,2019-06-22,7,0,0,27,0,324.4556577014995
1015,2019-06-23,21,0,0,73,0,324.86609262333513
1016,2019-06-24,20,2,4,33,12,324.9631932279672
1017,2019-06-25,37,2,2,-33,12,324.8315624149843
1018,2019-06-26,15,2,-2,6,12,324.7747286467431
1019,2019-06-27,55,2,-1,117,12,325.6118525108672
1020,2019-06-28,8,30,-4,132,12,327.353290624122
1021,2019-06-29,178,0,0,-264,0,332.50519648852185
1022,2019-06-30,108,0,0,36,0,335.63424858281394
1023,2019-07-01,71,18,-1,144,12,335.57809761082564
1024,2019-07-02,54,0,4,-67,12,336.28058123383613
1025,2019-07-03,25,173,0,-102,12,338.09460155814264
1026,2019-07-04,92,19,1,85,12,338.03918477726387
1027,2019-07-05,7,1,2,37,12,338.7474937269685
1028,2019-07-06,136,0,0,309,0,339.60790987943824
1029,2019-07-07,163,0,0,-233,0,339.4747877232464
1030,2019-07-08,64,3,1,100,12,339.47943526353913
1031,2019-07-09,0,2,-4,126,12,339.3258949693621
1032,2019-07-10,35,2,0,33,12,339.9497128983289
1033,2019-07-11,145,2,3,241,12,340.02030282442735
1034,2019-07-12,53,3,3,-6,12,340.256928922574
1035,2019-07-13,53,0,0,61,0,340.6519059268101
1036,2019-07-14,9,0,0,85,0,340.9224568919489
1037,2019-07-15,99,3,2,-115,12,341.17749754964956
1038,2019-07-16,15,2,-2,-124,12,343.13623946323236
1039,2019-07-17,128,2,0,153,12,343.9754926076094
1040,2019-07-18,123,2,0,-174,12,347.4358829404767
1041,2019-07-19,59,3,1,34,12,347.24466854159795
1042,2019-07-20,33,0,0,45,0,348.5264191698956
1043,2019-07-21,1,0,0,33,0,348.4907966919533
1044,2019-07-22,22,2,1,0,12,348.32343240536466
1045,2019-07-23,16,2,2,-31,12,348.1274990772119
1046,2019-07-24,18,2,-1,0,12,348.16051306261517
1047,2019-07-25,16,3,-3,22,12,348.2989682142186
1048,2019-07-26,0,3,0,19,12,348.13305116123513
1049,2019-07-27,8,0,0,5,0,347.9660670081112
1050,2019-07-28,5,0,0,-3,0,347.80629463665355
1051,2019-07-29,1,58,0,-10,12,347.86350087533776
1052,2019-07-30,17,1,2,25,12,347.70154263873405
1053,2019-07-31,0,29,1,22,12,347.5412415668164
1054,2019-08-01,12,3,0,0,12,347.3750016822289
1055,2019-08-02,7,318,0,22,12,347.53816650772853
1056,2019-08-03,7,0,0,87,0,347.50119440255634
1057,2019-08-04,15,0,0,2,0,347.34359334071024
1058,2019-08-05,1,2,-2,5,13,347.33440765463945
1059,2019-08-06,6,2,3,21,13,347.20974410100416
1060,2019-08-07,36,41,5,48,13,347.9506713913817
1061,2019-08-08,27,31,-2,27,13,347.9356721352024
1062,2019-08-09,41,1,-1,-114,13,348.1408895500011
1063,2019-08-10,81,0,0,177,0,347.984675140189
1064,2019-08-11,81,0,0,-100,0,347.84481312168924
1065,2019-08-12,11,7,-3,2,13,346.3599549936138
1066,2019-08-13,32,43,-2,117,13,348.05017999530213
1067,2019-08-14,73,10,2,-125,13,348.0040989537222
1068,2019-08-15,60,3,0,93,13,348.29287826367164
1069,2019-08-16,28,0,1,9,13,349.0071118255954
1070,2019-08-17,28,0,0,-87,0,348.969283328872
1071,2019-08-18,67,0,0,149,0,348.7885548888897
1072,2019-08-19,55,2,0,-93,13,347.0817123351335
1073,2019-08-20,6,2,0,-5,13,348.5804375938248
1074,2019-08-21,33,2,-1,74,13,348.86564821332007
1075,2019-08-22,33,0,0,-32,13,348.79661132146856
1076,2019-08-23,51,2,3,83,13,349.0575370590679
1077,2019-08-24,22,0,0,7,0,348.96771230393955
1078,2019-08-25,28,0,0,58,0,348.8745598471289
1079,2019-08-26,44,0,0,108,0,348.92530476933115
1080,2019-08-27,54,2,0,-74,13,348.76205166804164
1081,2019-08-28,30,17,1,31,13,348.6718401836578
1082,2019-08-29,6,24,1,61,13,348.6079738598434
1083,2019-08-30,33,10,1,-46,13,348.7124263187168
1084,2019-08-31,8,0,0,5,0,348.59069219972775
1085,2019-09-01,15,0,0,35,0,348.4305875185906
1086,2019-09-02,10,7,-3,1,13,348.2688069842627
1087,2019-09-03,17,4,-2,6,13,348.0529375691607
1088,2019-09-04,36,3,-1,57,13,348.4494754894624
1089,2019-09-05,0,2,4,26,13,348.3299382257817
1090,2019-09-06,20,0,2,-19,13,348.17144711301734
1091,2019-09-07,8,0,0,9,0,348.01206246867406
1092,2019-09-08,6,0,0,7,0,347.92005069663475
1093,2019-09-09,2,0,-1,7,13,347.7985186564792
1094,2019-09-10,0,1,-3,11,13,347.6452276851668
1095,2019-09-11,6,2,1,-7,13,347.4445324627248
1096,2019-09-12,8,2,1,-5,13,347.39825162550807
1097,2019-09-13,8,1,3,14,13,347.2422915946226
1098,2019-09-14,0,0,0,31,0,347.1112043425731
1099,2019-09-15,23,0,0,-13,0,346.96140841262894
1100,2019-09-16,1,6,3,-12,13,346.80369536661374
1101,2019-09-17,4,2,2,14,13,346.5937701948868
1102,2019-09-18,5,6,-4,26,13,346.4945719465183
1103,2019-09-19,13,3,1,-1,13,346.3426295312465
1104,2019-09-20,4,55,1,-7,13,346.1852064945525
1105,2019-09-21,13,0,0,21,0,346.04249236600396
1106,2019-09-22,0,0,0,15,0,345.8991882253715
1107,2019-09-23,10,1,3,-9,13,345.8076407374912
1108,2019-09-24,6,6,0,7,13,345.6559546481509
1109,2019-09-25,15,8,0,-4,13,345.71369622424174
1110,2019-09-26,9,5,0,-44,13,347.268035631977
1111,2019-09-27,37,59,-1,24,13,347.116044942351
1112,2019-09-28,19,0,0,52,0,347.2591446201443
1113,2019-09-29,39,0,0,16,0,347.0892447775513
1114,2019-09-30,19,27,-1,56,13,346.89554158532775
1115,2019-10-01,30,47,-1,-43,13,346.8006388260577
1116,2019-10-02,21,1,3,29,13,346.6693120798969
1117,2019-10-03,0,2,3,31,13,346.53369735211044
1118,2019-10-04,23,8,3,-48,13,346.3738260261365
1119,2019-10-05,29,0,0,60,0,346.24283664899633
1120,2019-10-06,24,0,0,-20,0,346.07969183654075
1121,2019-10-07,2,24,3,-9,13,345.9212799269287
1122,2019-10-08,16,42,-3,54,13,345.87421555950624
1123,2019-10-09,27,27,-4,-45,13,345.89534916891733
1124,2019-10-10,24,23,1,44,13,345.73964618239415
1125,2019-10-11,9,34,1,4,13,345.75043848483057
1126,2019-10-12,7,0,0,-14,0,345.5988572213342
1127,2019-10-13,10,0,0,33,0,345.56049795603525
1128,2019-10-14,16,48,0,-21,13,345.41557065625494
1129,2019-10-15,11,7,-1,21,13,345.25651108538756
1130,2019-10-16,2,1,2,13,13,345.1005969963897
1131,2019-10-17,11,1,2,-16,13,344.99766006473385
1132,2019-10-18,5,4,0,23,13,343.7727769791147
1133,2019-10-19,7,0,0,-1,0,344.7243287282367
1134,2019-10-20,1,0,0,1,0,344.6041660874669
1135,2019-10-21,3,10,0,17,13,344.4513315470025
1136,2019-10-22,3,8,0,0,13,344.380239180766
1137,2019-10-23,3,26,0,15,13,344.24603757340066
1138,2019-10-24,7,14,0,-2,13,344.15320654768567
1139,2019-10-25,7,3,0,-5,13,344.3344212946304
1140,2019-10-26,2,0,0,8,0,344.1935920740271
1141,2019-10-27,31,0,0,110,0,345.8211574134272
1142,2019-10-28,60,7,1,9,13,345.9627332691047
1143,2019-10-29,57,5,0,-76,13,345.90663385998494
1144,2019-10-30,20,0,-1,-34,13,345.79658311342
1145,2019-10-31,66,2,-2,91,13,345.7251463880244
1146,2019-11-01,21,7,3,30,13,345.6788052983161
1147,2019-11-02,45,0,0,-50,0,345.5278733020521
1148,2019-11-03,13,0,0,-12,0,345.40527569892623
1149,2019-11-04,34,1,2,50,13,345.2552878299849
1150,2019-11-05,9,0,1,22,13,345.12690596086793
1151,2019-11-06,21,0,-3,-9,13,345.0492639196952
1152,2019-11-07,5,3,-1,-18,13,344.9224310718048
1153,2019-11-08,21,3,0,22,13,344.77209834937025
1154,2019-11-09,40,0,0,22,0,344.6330558026572
1155,2019-11-10,17,0,0,-23,0,344.7416563615357
1156,2019-11-11,13,39,4,6,13,344.5935200043445
1157,2019-11-12,17,0,0,42,13,344.50161132966866
1158,2019-11-13,22,6,1,-13,13,344.5468194002873
1159,2019-11-14,1,0,1,-8,13,344.4101221411764
1160,2019-11-15,13,1,2,15,13,344.2620092469563
1161,2019-11-16,2,0,0,14,0,344.1628891601946
1162,2019-11-17,7,0,0,-5,0,344.05011119522004
1163,2019-11-18,4,2,2,5,13,343.9036311068712
1164,2019-11-19,5,2,0,16,13,343.75468690082226
1165,2019-11-20,8,4,0,-10,13,343.7599698898379
1166,2019-11-21,6,4,0,2,13,343.6137089894403
1167,2019-11-22,9,11,0,18,13,343.4683292160065
1168,2019-11-23,10,0,0,-14,0,343.6588615371137
1169,2019-11-24,3,0,0,-13,0,343.6419933882177
1170,2019-11-25,22,3,0,29,13,343.4961557969797
1171,2019-11-26,8,3,0,0,13,343.6634758041124
1172,2019-11-27,1,9,0,8,13,343.5574733797219
1173,2019-11-28,1,10,0,7,13,343.40943688526215
1174,2019-11-29,3,5,1,22,13,343.3608992027637
1175,2019-11-30,14,0,0,-7,0,343.2302205960937
1176,2019-12-01,3,0,0,10,0,343.22656286668615
1177,2019-12-02,4,15,1,-2,13,343.1350473336647
1178,2019-12-03,0,19,1,-3,13,343.0155183271487
1179,2019-12-04,7,57,0,9,13,342.87289753929616
1180,2019-12-05,3,47,0,14,13,342.726904512602
1181,2019-12-06,7,9,0,-1,13,342.6039874094569
1182,2019-12-07,3,0,0,10,0,342.5159685452935
1183,2019-12-08,1,0,0,15,0,342.3893028220296
1184,2019-12-09,9,0,0,-2,0,342.2511829415389
1185,2019-12-10,0,0,0,-1,0,342.1064944754462
1186,2019-12-11,3,5,1,0,13,341.9978001568231
1187,2019-12-12,5,6,2,8,13,341.8742550328915
1188,2019-12-13,2,0,0,11,0,341.72947882537426
1189,2019-12-14,3,0,0,3,0,341.58604267270306
1190,2019-12-15,0,0,0,4,0,341.442311422336
1191,2019-12-16,3,0,0,-4,0,341.3427437944623
1192,2019-12-17,7,0,0,11,0,341.20008292907016
1193,2019-12-18,2,6,0,0,13,341.1256331120884
1194,2019-12-19,2,17,0,-10,13,341.08305754012775
1195,2019-12-20,24,0,0,50,0,341.50893549810627
1196,2019-12-21,21,0,0,1,0,341.4080828657538
1197,2019-12-22,17,0,0,-25,0,341.26370668271016
1198,2019-12-23,12,0,0,0,13,341.1190672830162
1199,2019-12-24,23,0,0,50,0,341.12148515400844
1200,2019-12-25,23,0,0,-3,0,341.0446309410172
1201,2019-12-26,16,0,0,-31,0,340.90551592282185
1202,2019-12-27,18,1,0,5,13,340.76300550901
1203,2019-12-28,18,0,0,36,0,340.62103223823954
1204,2019-12-29,16,0,0,8,0,340.4768324866296
1205,2019-12-30,20,0,0,-25,13,340.3409031615551
1206,2019-12-31,5,0,0,0,0,340.2040411170937
1207,2020-01-01,8,0,0,10,0,340.09938395938025
1208,2020-01-02,1,3,1,11,13,339.96086292321235
1209,2020-01-03,4,3,0,3,13,339.81939309625903
1210,2020-01-04,6,0,0,-12,0,339.7554314939901
1211,2020-01-05,17,0,0,30,0,339.79240561512194
1212,2020-01-06,6,2,-2,15,13,339.6514919099421
1213,2020-01-07,16,1,0,-13,13,339.5123551418921
1214,2020-01-08,9,2,0,16,13,339.60708494996294
1215,2020-01-09,4,2,-1,34,13,339.6541430351594
1216,2020-01-10,24,2,-3,-15,13,339.5492331654972
1217,2020-01-11,6,0,0,-28,0,339.4362439900872
1218,2020-01-12,32,0,0,44,0,339.50555150306036
1219,2020-01-13,6,2,0,19,13,339.4163953487779
1220,2020-01-14,18,2,0,-8,13,339.30191046002574
1221,2020-01-15,4,2,4,-14,13,339.16063163561614
1222,2020-01-16,36,2,0,56,13,339.6528926692885
1223,2020-01-17,8,2,1,40,13,339.5129849549239
1224,2020-01-18,19,0,0,-28,0,339.3829913267776
1225,2020-01-19,24,0,0,29,0,339.3146936186131
1226,2020-01-20,1,3,0,23,13,339.1727198574293
1227,2020-01-21,24,2,0,-25,13,339.102366314952
1228,2020-01-22,3,2,0,-1,13,338.9628174743665
1229,2020-01-23,15,2,0,30,13,338.8337685891458
1230,2020-01-24,11,3,0,0,13,338.7085809896895
1231,2020-01-25,18,0,0,-23,0,338.65969761560865
1232,2020-01-26,13,0,0,15,0,338.5251738227934
1233,2020-01-27,0,3,2,13,13,338.4080895753637
1234,2020-01-28,4,8,0,9,13,338.3284723363283
1235,2020-01-29,18,6,0,-12,13,338.20774609708684
1236,2020-01-30,12,2,0,28,13,338.4049614915719
1237,2020-01-31,17,0,-1,-7,13,338.2948108917983
1238,2020-02-01,4,0,0,0,0,338.2400571807377
1239,2020-02-02,5,0,0,31,0,338.12626076413625
1240,2020-02-03,17,3,0,-29,13,337.99129269943086
1241,2020-02-04,16,5,1,32,13,337.8565640386375
1242,2020-02-05,14,4,0,-5,13,337.7392877276991
1243,2020-02-06,2,3,-1,-9,13,337.6044759663361
1244,2020-02-07,28,3,0,54,13,337.7098578820657
1245,2020-02-08,14,0,0,-4,0,337.57847621821077
1246,2020-02-09,1,0,0,-7,0,337.4237358353291
1247,2020-02-10,16,3,3,42,13,337.3338126361596
1248,2020-02-11,10,3,3,-9,13,337.27334637679724
1249,2020-02-12,2,2,0,6,13,337.263808753219
1250,2020-02-13,18,2,-2,-3,13,333.94158256798505
1251,2020-02-14,3,3,-1,23,13,337.26453211325327
1252,2020-02-15,15,0,0,-19,0,337.14980397586294
1253,2020-02-16,10,0,0,-14,0,337.0312072008244
1254,2020-02-17,12,5,1,36,13,337.1512406840227
1255,2020-02-18,18,4,2,-19,13,337.0319794950965
1256,2020-02-19,5,4,0,13,13,336.9525918555085
1257,2020-02-20,3,4,0,19,13,336.84283496212316
1258,2020-02-21,0,4,0,18,13,337.3361584439068
1259,2020-02-22,11,0,0,-18,0,337.20505619848007
1260,2020-02-23,16,0,0,33,0,337.0788096638466
1261,2020-02-24,10,4,0,0,13,336.95322068140257
1262,2020-02-25,5,4,0,2,13,336.91698482679504
1263,2020-02-26,2,4,0,31,13,336.88697123011457
1264,2020-02-27,32,4,-4,-51,13,336.93840289903443
1265,2020-02-28,10,4,-5,23,13,337.0733260819347
1266,2020-02-29,6,0,0,1,0,336.9412528703352
1267,2020-03-01,4,0,0,-4,0,336.83403497103683
1268,2020-03-02,0,4,2,11,13,336.75485805940275
1269,2020-03-03,5,4,2,7,13,336.7674978184193
1270,2020-03-04,4,4,0,23,13,336.6372822843153
1271,2020-03-05,17,4,5,-22,13,336.5553377685426
1272,2020-03-06,11,4,3,18,13,336.4266957901842
1273,2020-03-07,7,0,0,25,0,336.4101633800852
1274,2020-03-08,7,0,0,-6,0,336.27772135738184
1275,2020-03-09,2,4,0,4,13,336.21155419841784
1276,2020-03-10,27,4,-4,-26,13,336.8633316754912
1277,2020-03-11,0,4,-4,-11,13,335.20733808055576
1278,2020-03-12,16,4,-4,47,13,336.6134584755547
1279,2020-03-13,23,4,1,-35,13,336.47831482399306
1280,2020-03-14,28,0,0,-15,0,347.6266520623493
1281,2020-03-15,33,0,0,39,0,348.41913807273454
1282,2020-03-16,12,4,0,59,13,348.60175052833154
1283,2020-03-17,20,4,1,26,13,348.4665589829187
1284,2020-03-18,33,4,8,49,13,348.3572112869241
1285,2020-03-19,18,4,5,58,13,348.35508582849513
1286,2020-03-20,31,4,10,-92,13,348.2315555228504
1287,2020-03-21,44,0,0,142,0,346.6361640628808
1288,2020-03-22,27,0,0,-45,0,346.48566120458537
1289,2020-03-23,3,4,-7,-48,13,348.5206600496049
1290,2020-03-24,20,4,4,105,13,346.33205937172073
1291,2020-03-25,44,4,3,-89,13,348.9260001974534
1292,2020-03-26,29,4,6,87,13,346.56960362365646
1293,2020-03-27,14,4,-4,-9,13,346.46014111122696
1294,2020-03-28,12,0,0,-50,0,348.6185160794856
1295,2020-03-29,32,0,0,84,0,348.62275465773706
1296,2020-03-30,49,4,-11,-77,13,348.5049823083647
1297,2020-03-31,22,4,-5,28,13,348.4822919576292
1298,2020-04-01,12,4,-3,33,13,348.63688370999955
1299,2020-04-02,15,4,4,-20,13,348.4958313826883
1300,2020-04-03,13,4,1,16,13,348.39142998205034
1301,2020-04-04,5,0,0,25,0,348.29056038851206
1302,2020-04-05,16,0,0,-25,0,348.1622782012272
1303,2020-04-06,16,4,4,24,13,348.04665412775284
1304,2020-04-07,5,4,3,10,13,347.91520908970966
1305,2020-04-08,4,4,-2,-11,13,348.13063318421297
1306,2020-04-09,16,4,-1,53,13,347.99483671318035
1307,2020-04-10,27,0,0,-49,0,347.90691107284897
1308,2020-04-11,24,0,0,43,0,347.77470481382994
1309,2020-04-12,0,0,0,-1,0,347.83345500203376
1310,2020-04-13,5,0,0,15,0,347.70226845286453
1311,2020-04-14,3,4,-5,2,13,347.57266522082875
1312,2020-04-15,35,4,2,-47,13,347.45851053750175
1313,2020-04-16,5,4,3,12,13,347.32075171064696
1314,2020-04-17,0,4,-1,29,13,347.263398559014
1315,2020-04-18,5,0,0,6,0,347.35985849695317
1316,2020-04-19,2,0,0,14,0,347.2373048659877
1317,2020-04-20,4,4,-9,-1,13,347.14283444123424
1318,2020-04-21,0,4,-2,2,13,347.02027657978556
1319,2020-04-22,2,4,-1,11,13,346.9777092547806
1320,2020-04-23,4,4,9,-1,13,346.8469968693506
1321,2020-04-24,3,4,4,8,13,346.8136864297478
1322,2020-04-25,5,0,0,18,0,346.76940899066796
1323,2020-04-26,7,0,0,-3,0,346.63716666030683
1324,2020-04-27,1,4,3,2,13,346.50886794333974
1325,2020-04-28,5,4,-6,17,13,346.4095612615946
1326,2020-04-29,5,4,-5,0,13,346.28689047838793
1327,2020-04-30,0,4,0,-1,13,346.1551948079882
1328,2020-05-01,23,4,4,16,13,347.2271041505562
1329,2020-05-02,9,0,0,55,0,347.12820239251937
1330,2020-05-03,34,0,0,-72,0,347.03340486588695
1331,2020-05-04,46,4,6,79,13,346.97564789644764
1332,2020-05-05,28,4,0,-14,13,346.8451027389676
1333,2020-05-06,8,4,0,-34,13,346.71317862446074
1334,2020-05-07,19,4,0,79,13,344.3398582197546
1335,2020-05-08,17,0,0,-41,0,344.2025198116841
1336,2020-05-09,36,0,0,33,0,347.12020298144347
1337,2020-05-10,6,0,0,62,0,347.0396121025605
1338,2020-05-11,55,4,-1,-104,13,347.000590214158
1339,2020-05-12,7,4,1,-12,13,347.33948230953854
1340,2020-05-13,10,4,1,19,13,347.2113128359506
1341,2020-05-14,2,4,0,15,13,347.11674013474203
1342,2020-05-15,16,4,0,39,13,347.19159358291813
1343,2020-05-16,2,0,0,9,0,347.2297978328276
1344,2020-05-17,3,0,0,6,0,347.4128088005593
1345,2020-05-18,7,4,1,-15,13,347.2877583963912
1346,2020-05-19,18,4,0,48,13,347.8266257200665
1347,2020-05-20,3,4,-2,27,13,347.1486582588642
1348,2020-05-21,26,4,0,-49,13,347.03813869863455
1349,2020-05-22,5,4,0,7,13,346.9534959273632
1350,2020-05-23,1,0,0,29,0,347.06061538531856
1351,2020-05-24,29,0,0,-51,0,346.9544861558301
1352,2020-05-25,28,0,0,31,0,346.82281684505017
1353,2020-05-26,2,4,0,16,13,347.4164554779964
1354,2020-05-27,18,4,0,-27,13,346.8774874137685
1355,2020-05-28,15,4,2,17,13,346.75493891776483
1356,2020-05-29,0,4,-1,11,13,346.73235674770456
1357,2020-05-30,0,0,0,10,0,346.71975008211297
1358,2020-05-31,3,0,0,2,0,346.62622111518544
1359,2020-06-01,3,4,3,8,13,346.57855504538395
1360,2020-06-02,8,4,4,-20,13,346.6089525057101
1361,2020-06-03,3,4,0,7,13,346.94649642922724
1362,2020-06-04,33,4,-2,55,13,347.2933234758833
1363,2020-06-05,17,4,-3,-11,13,347.2915699657991
1364,2020-06-06,23,0,0,-46,0,347.1033115419742
1365,2020-06-07,17,0,0,23,0,347.03285581117746
1366,2020-06-08,10,4,-1,7,13,347.27906059047183
1367,2020-06-09,0,4,5,10,13,346.79698073485145
1368,2020-06-10,27,4,4,54,13,346.70329205839715
1369,2020-06-11,20,4,5,-3,13,346.57202011788917
1370,2020-06-12,20,4,0,-33,13,346.4294257228273
1371,2020-06-13,16,0,0,17,0,346.7096878741876
1372,2020-06-14,5,0,0,-9,0,346.6183456116403
1373,2020-06-15,21,4,-3,-22,13,346.49594511083814
1374,2020-06-16,18,4,-3,20,13,346.5720013524021
1375,2020-06-17,2,4,-2,2,13,346.30058318426023
1376,2020-06-18,18,4,1,-10,13,346.18856841409246
1377,2020-06-19,4,4,5,-12,13,346.07427793550727
1378,2020-06-20,14,0,0,27,0,345.95232308988136
1379,2020-06-21,6,0,0,11,0,345.8314116336873
1380,2020-06-22,1,4,1,-7,13,345.7711792002206
1381,2020-06-23,11,4,0,23,13,345.6677578506631
1382,2020-06-24,5,4,0,7,13,345.7120184689704
1383,2020-06-25,2,4,-1,17,13,345.5097689767568
1384,2020-06-26,6,4,-3,-7,13,346.16903153235097
1385,2020-06-27,1,0,0,16,0,345.5807365988892
1386,2020-06-28,6,0,0,21,0,345.28815711154635
1387,2020-06-29,8,4,-2,-4,13,345.1977332689292
1388,2020-06-30,2,4,0,3,13,345.0930305965834
1389,2020-07-01,5,4,4,19,13,344.96908477526244
1390,2020-07-02,14,4,3,-12,13,344.86531027275004
1391,2020-07-03,0,4,-2,0,13,344.7401343629617
1392,2020-07-04,6,0,0,17,0,344.6411842905941
1393,2020-07-05,5,0,0,2,0,344.517617849109
1394,2020-07-06,1,4,-1,-1,13,344.39898917670797
1395,2020-07-07,6,4,-1,15,13,344.2788879495953
1396,2020-07-08,4,4,1,27,13,344.23096218227977
1397,2020-07-09,1,4,1,-2,13,344.1070285928264
1398,2020-07-10,11,4,0,9,13,344.0222953350371
1399,2020-07-11,5,0,0,2,0,343.9238314903993
1400,2020-07-12,7,0,0,-6,0,343.8015526786668
1401,2020-07-13,7,4,0,16,13,343.679236923455
1402,2020-07-14,2,4,-3,16,13,343.557811728364
1403,2020-07-15,7,4,0,-4,13,343.4382548076009
1404,2020-07-16,3,4,1,5,13,343.31522777376983
1405,2020-07-17,3,4,1,15,13,343.1972148300856
1406,2020-07-18,6,0,0,-2,0,343.079584544535
1407,2020-07-19,1,0,0,2,0,342.9573641184082
1408,2020-07-20,4,4,1,16,13,342.8349539963771
1409,2020-07-21,5,4,0,1,13,342.71298399044883
1410,2020-07-22,0,4,0,0,13,342.5941253476394
1411,2020-07-23,6,4,1,17,13,342.5228868303361
1412,2020-07-24,4,4,0,4,13,342.41871433190795
1413,2020-07-25,2,0,0,-3,0,342.29939027015655
1414,2020-07-26,6,0,0,15,0,342.180855106407
1415,2020-07-27,2,4,-1,8,13,342.08720360651375
1416,2020-07-28,4,4,0,0,13,342.02163358952487
1417,2020-07-29,23,4,-1,26,13,343.10949103572125
1418,2020-07-30,0,4,-2,8,13,343.03252291111545
1419,2020-07-31,10,4,-4,-22,13,342.93872910526983
1420,2020-08-01,16,0,0,31,0,342.82706160523486
1421,2020-08-02,5,0,0,10,0,342.65562466918266
1422,2020-08-03,3,4,0,-6,13,342.88765694295705
1423,2020-08-04,4,4,0,54,13,343.2620698299214
1424,2020-08-05,39,4,0,-84,13,343.17821333950616
1425,2020-08-06,50,4,0,93,13,343.05245911743845
1426,2020-08-07,24,4,4,-21,13,343.1656852432628
1427,2020-08-08,4,0,0,0,0,343.0414274278731
1428,2020-08-09,9,0,0,42,0,342.9442973335931
1429,2020-08-10,21,4,0,-38,13,342.8599373671194
1430,2020-08-11,21,4,-10,44,13,342.73932920769056
1431,2020-08-12,4,4,-7,38,13,342.63969491854846
1432,2020-08-13,5,4,0,-6,13,340.77114895309103
1433,2020-08-14,23,4,2,38,13,342.66652352230494
1434,2020-08-15,9,0,0,31,0,342.59077432079135
1435,2020-08-16,14,0,0,-13,0,342.47587152530053
1436,2020-08-17,9,4,17,16,13,342.3595988326771
1437,2020-08-18,2,4,6,21,13,342.2452479569792
1438,2020-08-19,3,4,1,-9,13,342.24211015670664
1439,2020-08-20,6,4,-4,34,13,342.23173060433567
1440,2020-08-21,25,4,-6,-36,13,342.15899247611924
1441,2020-08-22,21,0,0,30,0,342.07173688831847
1442,2020-08-23,9,0,0,18,0,342.09503123755076
1443,2020-08-24,16,4,-8,-44,13,341.9919156949148
1444,2020-08-25,34,4,3,75,13,341.8722394406776
1445,2020-08-26,30,4,10,-35,13,341.7547386147894
1446,2020-08-27,2,4,5,3,13,341.83772516503285
1447,2020-08-28,4,4,-2,26,13,339.7579960063325
1448,2020-08-29,13,0,0,-8,0,341.6551333682096
1449,2020-08-30,7,0,0,5,0,341.5737603446178
1450,2020-08-31,7,0,0,36,0,341.45762444287055
1451,2020-09-01,15,4,0,-28,13,341.3820678102773
1452,2020-09-02,18,4,-1,41,13,341.26971227250294
1453,2020-09-03,8,4,3,-4,13,341.21994505223296
1454,2020-09-04,9,4,-4,0,13,341.38602096552205
1455,2020-09-05,31,0,0,-29,0,342.68678901794266
1456,2020-09-06,8,0,0,-12,0,342.7042199648626
1457,2020-09-07,20,4,-2,72,13,342.69531338605276
1458,2020-09-08,43,4,0,-79,13,342.5690382365062
1459,2020-09-09,43,4,3,67,13,342.4531811218239
1460,2020-09-10,20,4,3,5,13,342.4378499264802
1461,2020-09-11,9,4,2,-57,13,340.3838423983895
1462,2020-09-12,47,0,0,98,0,342.22984079742093
1463,2020-09-13,43,0,0,-51,0,342.1111230547941
1464,2020-09-14,15,4,2,4,13,341.99619463765197
1465,2020-09-15,15,4,-5,62,13,341.8884212533034
1466,2020-09-16,33,4,-3,-66,13,341.8781431424666
1467,2020-09-17,21,4,0,74,13,339.853032803869
1468,2020-09-18,21,4,1,-9,13,341.67484273210255
1469,2020-09-19,5,0,0,-23,0,341.55809390148755
1470,2020-09-20,24,0,0,60,0,341.4397640941368
1471,2020-09-21,14,4,2,-36,13,339.4135403108731
1472,2020-09-22,13,4,-1,22,13,341.258049992467
1473,2020-09-23,6,4,1,9,13,339.4696266005749
1474,2020-09-24,13,4,-2,-37,13,341.27993008155266
1475,2020-09-25,25,4,4,64,13,341.2597128546894
1476,2020-09-26,12,0,0,-39,0,339.3792377570596
1477,2020-09-27,21,0,0,40,0,341.2158373091405
1478,2020-09-28,6,4,0,1,13,339.14959493305724
1479,2020-09-29,3,4,6,-15,13,339.0253753775093
1480,2020-09-30,7,4,1,41,13,338.92163967877366
1481,2020-10-01,17,4,2,-22,13,340.7568494451358
1482,2020-10-02,10,4,-1,21,13,340.6588180937875
1483,2020-10-03,5,0,0,10,0,340.5764436139781
1484,2020-10-04,9,0,0,-18,0,340.4633812524324
1485,2020-10-05,14,4,-1,34,13,340.348362162354
1486,2020-10-06,6,4,-1,-9,13,338.2920329792012
1487,2020-10-07,2,4,0,8,13,338.1902292342219
1488,2020-10-08,2,4,0,23,13,340.05914410433166
1489,2020-10-09,13,4,-1,-23,13,339.94978498967464
1490,2020-10-10,14,0,0,-27,0,339.8360009072387
1491,2020-10-11,22,0,0,48,0,338.15976227537845
1492,2020-10-12,22,4,0,-22,13,339.29551137044217
1493,2020-10-13,3,4,5,5,13,339.6142559899361
1494,2020-10-14,1,4,1,24,13,339.52058909218835
1495,2020-10-15,2,4,-5,8,13,339.4319464017145
1496,2020-10-16,1,4,-3,17,13,339.3196689772552
1497,2020-10-17,6,0,0,11,0,339.1931177294368
1498,2020-10-18,10,0,0,-17,0,339.1510646107983
1499,2020-10-19,11,4,3,31,13,339.001647207485
1500,2020-10-20,9,4,1,-4,13,338.94539801985445
1501,2020-10-21,2,4,3,7,13,338.713677165983
1502,2020-10-22,6,4,-1,-2,13,338.75784055098893
1503,2020-10-23,14,4,0,-19,13,339.4682935791495
1504,2020-10-24,13,0,0,45,0,339.2397863570721
1505,2020-10-25,13,0,0,-20,0,337.5747300625236
1506,2020-10-26,6,4,0,8,13,339.2000123978261
1507,2020-10-27,8,4,-1,44,13,338.95761575335007
1508,2020-10-28,26,4,2,-40,13,338.9517252969666
1509,2020-10-29,23,4,0,44,13,339.2620091242615
1510,2020-10-30,9,4,0,22,13,339.2939818307442
1511,2020-10-31,20,0,0,-49,0,339.2112151793651
1512,2020-11-01,35,0,0,86,0,339.1360105149762
1513,2020-11-02,39,4,-1,-43,13,339.0572259674207
1514,2020-11-03,11,4,5,11,13,338.9577571818473
1515,2020-11-04,8,4,2,53,13,338.8771154157489
1516,2020-11-05,35,4,1,-64,13,338.95462118442373
1517,2020-11-06,37,4,-2,79,13,338.86033164780764
1518,2020-11-07,24,0,0,-15,0,340.5425255815574
1519,2020-11-08,0,0,0,10,0,340.50341614384695
1520,2020-11-09,0,4,-1,32,13,340.9700196758043
1521,2020-11-10,21,4,0,-42,13,341.51099496643167
1522,2020-11-11,28,4,-6,78,13,341.3786863722282
1523,2020-11-12,35,4,-1,-39,13,341.2846247826697
1524,2020-11-13,11,4,8,13,13,341.39818602906274
1525,2020-11-14,17,0,0,72,0,341.62473074331956
1526,2020-11-15,40,0,0,-56,0,341.5109132275727
1527,2020-11-16,27,4,4,57,13,341.4231846437612
1528,2020-11-17,17,4,4,5,13,341.3125985253812
1529,2020-11-18,12,4,-3,-30,13,341.7894989518825
1530,2020-11-19,30,4,-3,91,13,342.4592266646263
1531,2020-11-20,42,4,-2,-42,13,342.3821115037903
1532,2020-11-21,9,0,0,10,0,342.25373153781845
1533,2020-11-22,48,0,0,57,0,343.1167692482371
1534,2020-11-23,6,4,0,53,13,343.0035101949276
1535,2020-11-24,17,4,3,-14,13,343.24272953722766
1536,2020-11-25,1,4,2,12,13,343.64531506413675
1537,2020-11-26,8,4,-3,29,13,343.3220199755485
1538,2020-11-27,6,4,3,5,13,343.44770519837255
1539,2020-11-28,65,0,0,-81,0,345.5770260118969
1540,2020-11-29,24,0,0,4,0,345.4727738802354
1541,2020-11-30,21,4,5,52,13,345.6367956358601
1542,2020-12-01,47,4,1,-73,13,345.5728369333739
1543,2020-12-02,70,4,0,86,13,347.5386072307985
1544,2020-12-03,18,4,4,63,13,348.3004623412231
1545,2020-12-04,32,4,4,-158,13,346.64315452994714
1546,2020-12-05,107,0,0,204,0,348.33229540587047
1547,2020-12-06,88,0,0,-81,0,348.8323718835876
1548,2020-12-07,5,4,-3,-61,13,348.9586420989121
1549,2020-12-08,77,4,-3,195,13,348.95299291253576
1550,2020-12-09,103,4,-2,-154,13,348.9410155367154
1551,2020-12-10,56,4,0,67,13,349.48243292968806
1552,2020-12-11,2,4,-2,58,13,349.4461214370509
1553,2020-12-12,48,0,0,-94,0,349.45980544185505
1554,2020-12-13,55,0,0,99,0,349.41676623391606
1555,2020-12-14,56,4,0,-60,13,349.8351067832899
1556,2020-12-15,6,4,2,0,13,349.8465534802051
1557,2020-12-16,20,0,0,68,0,349.7310307950837
1558,2020-12-17,34,4,2,-50,13,349.6394054841139
1559,2020-12-18,44,4,1,49,13,353.0242585701548
1560,2020-12-19,20,0,0,107,0,353.00626722182284
1561,2020-12-20,47,0,0,-63,0,354.67059172819035
1562,2020-12-21,19,4,0,-15,13,355.30365167071346
1563,2020-12-22,37,4,0,69,13,355.2096594698246
1564,2020-12-23,29,4,-5,-99,13,353.8853116751763
1565,2020-12-24,9,0,0,-40,0,356.7503671817663
1566,2020-12-25,40,0,0,55,0,356.94167769842744
1567,2020-12-26,30,0,0,45,0,356.98761217785125
1568,2020-12-27,15,0,0,-18,0,357.84113600880397
1569,2020-12-28,30,0,0,87,0,360.241733332176
1570,2020-12-29,39,4,0,-13,13,360.1728610914173
1571,2020-12-30,13,4,0,-16,13,360.75632713403127
1572,2020-12-31,27,0,0,46,0,360.7565246761401
1573,2021-01-01,17,0,0,41,0,360.4132612423843
1574,2021-01-02,12,0,0,73,0,362.4545117378348
1575,2021-01-03,35,0,0,-61,0,362.47948423136495
1576,2021-01-04,4343,4,3,249,13,366.7713951966734
1577,2021-01-05,5076,4,1,307,13,366.7292406165541
1578,2021-01-06,3926,4,3,205,13,367.98663306383764
1579,2021-01-07,6161,4,-1,283,13,372.46365652317945
1580,2021-01-08,8516,4,-8,446,13,375.5292422084677
1581,2021-01-09,3751,0,0,662,0,378.7844010843236
1582,2021-01-10,10596,0,0,690,0,379.36719723348136
1583,2021-01-11,9222,4,-3,597,13,380.22726488597897
1584,2021-01-12,7520,4,-1,240,13,385.12673095884736
1585,2021-01-13,138,4,3,-177,13,393.16021813213166
1586,2021-01-14,135,4,9,-165,13,394.0774666114084
1587,2021-01-15,336,4,5,434,13,403.7789426098675
1588,2021-01-16,86,0,0,265,0,404.7835518456239
1589,2021-01-17,288,0,0,-500,0,409.74344068276963
1590,2021-01-18,191,4,0,116,13,409.6638735344066
1591,2021-01-19,83,4,-5,231,13,409.5642782398029
1592,2021-01-20,92,4,0,-31,13,409.66335844353944
1593,2021-01-21,69,4,1,-165,13,409.9386022658213
1594,2021-01-22,94,4,4,96,13,409.8805067485364
1595,2021-01-23,182,0,0,-424,0,426.6658385533509
1596,2021-01-24,510,0,0,674,0,431.66835063657476
1597,2021-01-25,86,4,1,248,13,432.7883349603775
1598,2021-01-26,312,4,-2,-207,13,432.6845728923635
1599,2021-01-27,90,4,-2,-263,13,432.4203090007369
1600,2021-01-28,171,4,0,78,13,432.3382579649065
1601,2021-01-29,173,4,0,-194,13,436.1345083754054
1602,2021-01-30,59,0,0,-203,0,440.0401186716804
1603,2021-01-31,118,0,0,-115,0,443.0573009354956
1604,2021-02-01,9,4,2,-37,13,438.22818484703606
1605,2021-02-02,33,4,2,155,13,443.7678736480099
1606,2021-02-03,86,4,0,-155,13,443.6963284331183
1607,2021-02-04,125,4,-3,153,13,446.2562471456365
1608,2021-02-05,294,4,-1,-323,13,448.9852469997659
1609,2021-02-06,52,0,0,-191,0,449.3007558866338
1610,2021-02-07,238,0,0,424,0,450.4555467822759
1611,2021-02-08,169,4,2,134,13,450.963280798023
1612,2021-02-09,267,4,3,-423,13,450.97766157632566
1613,2021-02-10,571,4,9,393,13,486.2979489814527
1614,2021-02-11,928,4,0,-711,13,486.1164081410637
1615,2021-02-12,49,4,-4,-901,13,478.5321211178579
1616,2021-02-13,348,0,0,-82,0,489.39169102427536
1617,2021-02-14,228,0,0,-711,0,489.95916478784073
1618,2021-02-15,487,4,-5,1067,13,490.8381595856994
1619,2021-02-16,565,4,-1,-562,13,491.6357855987891
1620,2021-02-17,30,4,1,-322,13,492.19937254475167
1621,2021-02-18,318,4,4,1017,13,492.51596697986673
1622,2021-02-19,755,4,0,-1016,13,497.70833046876334
1623,2021-02-20,280,0,0,139,0,497.6714227002929
1624,2021-02-21,20023,0,0,494,0,506.3823680332017
1625,2021-02-22,20053,4,2,455,13,507.73630785286963
1626,2021-02-23,19751,4,2,520,13,507.00345126000695
1627,2021-02-24,18620,4,3,499,13,515.6538511181395
1628,2021-02-25,12723,4,-1,285,13,535.5831405570683
1629,2021-02-26,14470,4,-3,156,13,536.1326600378196
1630,2021-02-27,2132,0,0,-479,0,539.0003594748637
1631,2021-02-28,1863,0,0,-578,0,538.8753095003276
1632,2021-03-01,1486,4,-1,-634,13,538.8607061894537
1633,2021-03-02,1187,4,0,-711,13,538.7282162384201
1634,2021-03-03,8,4,2,-27,13,555.6983884191144
1635,2021-03-04,250,4,5,343,13,556.3113189080732
1636,2021-03-05,67,4,2,-66,13,559.0096674708562
1637,2021-03-06,271,0,0,-627,0,561.1819069165941
1638,2021-03-07,295,0,0,586,0,561.3430885319113
1639,2021-03-08,206,4,1,-257,13,561.1793604064042
1640,2021-03-09,97,4,0,-261,13,564.0173553487491
1641,2021-03-10,158,4,0,268,13,564.3162074742711
1642,2021-03-11,1,4,3,25,13,567.8027875621052
1643,2021-03-12,29,4,2,48,13,568.4554501131912
1644,2021-03-13,45,0,0,77,0,570.0299279462198
1645,2021-03-14,6,0,0,103,0,569.9582408678416
1646,2021-03-15,1723,4,-2,155,13,577.9935383768758
1647,2021-03-16,131,4,-2,314,13,579.9535107577777
1648,2021-03-17,176,4,-1,29,13,586.9054396015263
1649,2021-03-18,175,4,4,-399,13,587.4303961061727
1650,2021-03-19,18618,4,0,110,13,586.0028104873769
1651,2021-03-20,165,0,0,143,0,590.641807362542
1652,2021-03-21,119,0,0,43,0,590.5289569667372
1653,2021-03-22,106,4,0,60,13,590.3529894573282
1654,2021-03-23,33,4,0,67,13,590.451945438801
1655,2021-03-24,531,4,1,72,13,595.6831925944582
1656,2021-03-25,538,4,0,-116,13,595.5331582077716
1657,2021-03-26,682,4,0,-42,13,597.0817357649591
1658,2021-03-27,803,0,0,-136,0,597.5312212381214
1659,2021-03-28,293,0,0,-216,0,604.2071546193107
1660,2021-03-29,84,4,1,-344,13,604.3411607062585
1661,2021-03-30,299,4,0,446,13,604.2440706202202
1662,2021-03-31,174,4,-2,67,13,605.6505225806213
1663,2021-04-01,92,4,0,64,13,606.2041380346776
1664,2021-04-02,61,0,0,110,0,606.0227165649932
1665,2021-04-03,14,0,0,40,0,605.841832358866
1666,2021-04-04,205,0,0,-230,0,605.7920807528878
1667,2021-04-05,143,0,0,10,0,607.380895778419
1668,2021-04-06,161,4,4,445,13,607.7419950357754
1669,2021-04-07,277,4,7,-190,13,607.9464421321331
1670,2021-04-08,8,4,2,-188,13,608.3674133247077
1671,2021-04-09,421,4,-5,624,13,609.9313275086278
1672,2021-04-10,251,0,0,130,0,612.1959708604044
1673,2021-04-11,350,0,0,-688,0,612.0973434618975
1674,2021-04-12,246,4,-5,276,13,613.2369433394441
1675,2021-04-13,9,4,-1,284,13,613.0660271237103
1676,2021-04-14,264,4,0,-335,13,612.9076635779464
1677,2021-04-15,378,4,4,437,13,619.4068943204551
1678,2021-04-16,57,4,2,399,13,619.4641371865732
1679,2021-04-17,404,0,0,159,0,619.2056312518912
1680,2021-04-18,108,0,0,-268,0,620.4103299173082
1681,2021-04-19,220,4,0,325,13,621.28738952557
1682,2021-04-20,5,4,1,321,13,627.9616072455865
1683,2021-04-21,244,4,-2,-337,13,627.6577911531646
1684,2021-04-22,85,4,-1,-57,13,628.2266695533137
1685,2021-04-23,563,4,0,329,13,631.5840528737804
1686,2021-04-24,116,0,0,424,0,633.4598781969264
1687,2021-04-25,321,0,0,245,0,633.3634070867015
1688,2021-04-26,612,4,0,-80,13,633.6051839082968
1689,2021-04-27,577,4,-2,-376,13,633.8040494822901
1690,2021-04-28,131,4,0,-99,13,645.4276179843606
1691,2021-04-29,551,4,1,-37,13,645.7919496145083
1692,2021-04-30,607,4,2,311,13,645.6743170933751
1693,2021-05-01,259,0,0,462,0,646.427485834806
1694,2021-05-02,160,0,0,243,0,649.6622960947087
1695,2021-05-03,312,0,0,254,0,653.5092507684667
1696,2021-05-04,606,4,-1,-62,13,654.3054018406388
1697,2021-05-05,478,4,1,-328,13,654.2508001648313
1698,2021-05-06,156,4,2,-126,13,661.4211365130925
1699,2021-05-07,251,4,1,-187,13,668.7169144250398
1700,2021-05-08,396,0,0,164,0,668.7176222225556
1701,2021-05-09,605,0,0,395,0,668.6461907066291
1702,2021-05-10,179,4,-2,310,13,669.6996742314911
1703,2021-05-11,115,4,2,469,13,669.5277647597932
1704,2021-05-12,276,4,-3,-207,13,672.1212795349637
1705,2021-05-13,190,4,-2,260,13,672.0770957956554
1706,2021-05-14,437,4,-2,710,13,696.3985476303654
1707,2021-05-15,248,0,0,117,0,696.185183967737
1708,2021-05-16,343,0,0,-675,0,696.1366830987488
1709,2021-05-17,442,4,2,392,13,700.3494657556985
1710,2021-05-18,95,4,2,625,13,700.3338513819343
1711,2021-05-19,157,4,3,43,13,703.7331585481493
1712,2021-05-20,192,4,-1,-128,13,703.7674082076038
1713,2021-05-21,1404,4,-1,-13,13,716.7202496205024
1714,2021-05-22,759,0,0,-835,0,721.4470121597786
1715,2021-05-23,371,0,0,185,0,723.7442196654778
1716,2021-05-24,505,4,-3,-249,13,723.5154004546293
1717,2021-05-25,877,4,-2,30,13,725.608478706429
1718,2021-05-26,216,4,1,-688,13,731.3652554530653
1719,2021-05-27,450,4,2,235,13,731.1829600787487
1720,2021-05-28,327,4,1,90,13,731.1201887216961
1721,2021-05-29,162,0,0,236,0,731.2299044080711
1722,2021-05-30,373,0,0,245,0,734.5265026856936
1723,2021-05-31,721,0,0,-191,0,734.9685110651385
1724,2021-06-01,393,4,-1,-329,13,735.3704766516987
1725,2021-06-02,125,4,-2,-136,13,736.6356675752902
1726,2021-06-03,207,4,0,213,13,736.5268114875294
1727,2021-06-04,118,4,0,-42,13,736.5071781939373
1728,2021-06-05,353,0,0,-18,0,737.3501191266828
1729,2021-06-06,149,0,0,417,0,739.1873600388689
1730,2021-06-07,381,4,0,26,13,740.2012747881487
1731,2021-06-08,362,4,0,-195,13,740.0180955892687
1732,2021-06-09,366,4,5,121,13,741.4722521509256
1733,2021-06-10,476,4,-1,-221,13,741.2741300585726
1734,2021-06-11,114,4,0,-433,13,747.4828391178622
1735,2021-06-12,521,0,0,361,0,747.2814885846906
1736,2021-06-13,222,0,0,121,0,747.0760943538687
1737,2021-06-14,7,4,-2,263,13,748.3503084668334
1738,2021-06-15,69,4,0,-411,13,752.4628959455572
1739,2021-06-16,646,4,0,127,13,753.5469600281439
1740,2021-06-17,504,4,2,318,13,753.4066262966817
1741,2021-06-18,50,4,1,286,13,754.9958621226602
1742,2021-06-19,236,0,0,-51,0,754.8673841232996
1743,2021-06-20,346,0,0,119,0,756.625854486177
1744,2021-06-21,460,4,-2,-201,13,756.4486655162424
1745,2021-06-22,233,4,0,-126,13,756.2567966055145
1746,2021-06-23,451,4,10,274,13,761.4324624411463
1747,2021-06-24,632,4,5,-395,13,761.2901540275478
1748,2021-06-25,114,4,2,-240,13,762.0592400402043
1749,2021-06-26,211,0,0,-1,0,762.3631876039981
1750,2021-06-27,15,0,0,381,0,765.5869387526553
1751,2021-06-28,337,4,-3,-177,13,765.3811946308599
1752,2021-06-29,12,4,-3,-299,13,767.8200499728281
1753,2021-06-30,317,4,0,143,13,767.602463772591
1754,2021-07-01,283,4,0,21,13,767.885953554726
1755,2021-07-02,229,4,2,233,13,767.8740476073348
1756,2021-07-03,91,0,0,183,0,768.7727554800641
1757,2021-07-04,235,0,0,-112,0,768.5593133928669
1758,2021-07-05,48,4,5,-117,13,768.6878857138021
1759,2021-07-06,130,4,0,-4,13,768.6479865458124
1760,2021-07-07,45,4,-2,223,13,769.3327311385611
1761,2021-07-08,128,4,-1,-66,13,769.1391493957709
1762,2021-07-09,69,4,0,21,13,768.9497881613612
1763,2021-07-10,139,0,0,68,0,769.1049324201398
1764,2021-07-11,125,0,0,-144,0,769.1585116286694
1765,2021-07-12,15,4,-1,42,13,768.9460170486
1766,2021-07-13,38,4,1,-42,13,768.8788067082226
1767,2021-07-14,23,4,0,152,13,769.0470054947475
1768,2021-07-15,144,4,2,25,13,768.967358116973
1769,2021-07-16,144,4,2,-61,13,768.7527103751069
1770,2021-07-17,141,0,0,72,0,768.910893744911
1771,2021-07-18,220,0,0,-39,0,768.7548059004769
1772,2021-07-19,157,4,-1,-73,13,768.5453281895758
1773,2021-07-20,47,4,-2,-46,13,768.3673961069663
1774,2021-07-21,55,4,-1,100,13,768.4759547724841
1775,2021-07-22,220,4,0,50,13,768.7205826745359
1776,2021-07-23,89,4,1,-295,13,770.418334390199
1777,2021-07-24,232,0,0,62,0,770.2787280573257
1778,2021-07-25,273,0,0,4,0,770.5725557224255
1779,2021-07-26,330,4,0,97,13,770.5402374931314
1780,2021-07-27,328,4,2,65,13,770.6984328090365
1781,2021-07-28,441,4,0,11,13,771.7566330892481
1782,2021-07-29,658,4,0,85,13,773.1291242258596
1783,2021-07-30,660,4,0,276,13,773.0020393051191
1784,2021-07-31,399,0,0,256,0,772.8080642671741
1785,2021-08-01,402,0,0,-17,0,774.011003623523
1786,2021-08-02,374,4,1,262,13,773.8942375614541
1787,2021-08-03,183,4,0,127,13,775.0238822324318
1788,2021-08-04,342,4,-4,-31,13,775.1896248929584
1789,2021-08-05,364,4,0,-165,13,775.3496766966422
1790,2021-08-06,188,4,2,-278,13,776.1102518060693
1791,2021-08-07,194,0,0,-60,0,776.5907918688847
1792,2021-08-08,421,0,0,8,0,777.7864359123365
1793,2021-08-09,579,4,0,130,13,778.7230948321418
1794,2021-08-10,406,4,-3,347,13,778.8106380819603
1795,2021-08-11,302,4,1,-54,13,780.2710601437805
1796,2021-08-12,316,4,5,270,13,780.1985018271682
1797,2021-08-13,65,4,7,102,13,780.0083490605497
1798,2021-08-14,111,0,0,118,0,780.3907066620468
1799,2021-08-15,87,0,0,-327,0,784.099397943364
1800,2021-08-16,376,4,4,262,13,783.945607253109
1801,2021-08-17,133,4,-1,136,13,783.7671777962738
1802,2021-08-18,63,4,-2,136,13,784.0382480753874
1803,2021-08-19,285,4,-4,51,13,784.5466352053525
1804,2021-08-20,304,4,-1,-140,13,784.3284854885325
1805,2021-08-21,13,0,0,-206,0,785.6740019867551
1806,2021-08-22,443,0,0,-51,0,788.1637486389748
1807,2021-08-23,490,4,0,307,13,787.9876708329527
1808,2021-08-24,239,4,2,113,13,787.7734190233467
1809,2021-08-25,166,4,2,93,13,787.557897563016
1810,2021-08-26,52,4,1,201,13,788.5749236921048
1811,2021-08-27,138,4,-4,-168,13,788.717133272591
1812,2021-08-28,89,0,0,200,0,789.6562590607523
1813,2021-08-29,122,0,0,-272,0,790.6711243854685
1814,2021-08-30,162,0,0,125,0,790.4568547832074
1815,2021-08-31,55,0,0,70,0,790.2543731529673
1816,2021-09-01,116,0,0,170,0,791.1734309479909
1817,2021-09-02,256,0,0,-107,0,790.9557134506587
1818,2021-09-03,3,0,0,-164,0,791.8642831889733
1819,2021-09-04,216,0,0,85,0,791.7774431549847
1820,2021-09-05,212,0,0,50,0,791.6940046947499
1821,2021-09-06,180,0,0,125,0,791.4803237603801
1822,2021-09-07,221,0,0,-72,0,792.2615758228937
1823,2021-09-08,380,0,0,115,0,792.3662718427416
1824,2021-09-09,60,0,0,640,0,804.467080251427
1825,2021-09-10,696,0,0,-228,0,804.8564492931442
