,Date,Value
0,2016-10-01,610.7466406
1,2016-10-02,615.6496651
2,2016-10-03,611.4572685
3,2016-10-04,611.2478639
4,2016-10-05,609.8305424
5,2016-10-06,607.1891668
6,2016-10-07,611.5443589
7,2016-10-08,615.8933501
8,2016-10-09,615.3403091
9,2016-10-10,615.7844633
10,2016-10-11,617.1614665
11,2016-10-12,614.3078541
12,2016-10-13,631.0409773
13,2016-10-14,634.7770193
14,2016-10-15,636.4224096
15,2016-10-16,637.8465145
16,2016-10-17,639.4033496
17,2016-10-18,641.2587357
18,2016-10-19,636.1048742
19,2016-10-20,628.1171236
20,2016-10-21,628.2744192
21,2016-10-22,630.7046972
22,2016-10-23,652.6993851
23,2016-10-24,651.5597865
24,2016-10-25,650.6902502
25,2016-10-26,654.9032136
26,2016-10-27,651.0417891
27,2016-10-28,675.9596483
28,2016-10-29,690.0218914
29,2016-10-30,686.8545296
30,2016-10-31,692.9231123
31,2016-11-01,704.4944486
32,2016-11-02,696.4507983
33,2016-11-03,726.3079572
34,2016-11-04,710.6507161
35,2016-11-05,688.9806404
36,2016-11-06,681.8953638
37,2016-11-07,706.8482019
38,2016-11-08,717.1240601
39,2016-11-09,709.74728
40,2016-11-10,717.6095235
41,2016-11-11,719.1298122
42,2016-11-12,717.8411367
43,2016-11-13,707.7664994
44,2016-11-14,704.6317756
45,2016-11-15,705.1547938
46,2016-11-16,709.1472941
47,2016-11-17,710.781655
48,2016-11-18,731.0225187
49,2016-11-19,743.9278079
50,2016-11-20,751.1550264
51,2016-11-21,732.2719719
52,2016-11-22,739.9249887
53,2016-11-23,735.2394831
54,2016-11-24,741.2558846
55,2016-11-25,737.4881632
56,2016-11-26,736.7473507
57,2016-11-27,734.271952
58,2016-11-28,729.449727
59,2016-11-29,728.2777295
60,2016-11-30,731.6706759
61,2016-12-01,739.943022
62,2016-12-02,740.6734516
63,2016-12-03,767.1424595
64,2016-12-04,762.4090868
65,2016-12-05,764.997901
66,2016-12-06,756.2483347
67,2016-12-07,757.1982369
68,2016-12-08,758.3442865
69,2016-12-09,767.408535
70,2016-12-10,768.7575075
71,2016-12-11,769.0541887
72,2016-12-12,775.5151769
73,2016-12-13,776.1644295
74,2016-12-14,777.7645927
75,2016-12-15,775.3279612
76,2016-12-16,776.7111166
77,2016-12-17,775.8660084
78,2016-12-18,786.3203791
79,2016-12-19,787.1445826
80,2016-12-20,788.5185675
81,2016-12-21,792.1714079
82,2016-12-22,820.5673076
83,2016-12-23,831.3300425
84,2016-12-24,899.7074974
85,2016-12-25,901.2918517
86,2016-12-26,896.8537772
87,2016-12-27,901.3625944
88,2016-12-28,931.1922598
89,2016-12-29,940.2307932
90,2016-12-30,964.332973
91,2016-12-31,967.37403
92,2017-01-01,958.1643273
93,2017-01-02,1004.403675
94,2017-01-03,1025.571194
95,2017-01-04,1023.828406
96,2017-01-05,1118.827083
97,2017-01-06,1101.163374
98,2017-01-07,1010.412373
99,2017-01-08,888.1060456
100,2017-01-09,916.2136709
101,2017-01-10,914.5870002
102,2017-01-11,899.2342389
103,2017-01-12,815.7040953
104,2017-01-13,739.3635989
105,2017-01-14,841.4295995
106,2017-01-15,811.9390921
107,2017-01-16,821.511321
108,2017-01-17,826.0175403
109,2017-01-18,894.1048676
110,2017-01-19,914.2814832
111,2017-01-20,893.4647267
112,2017-01-21,895.7784589
113,2017-01-22,893.9892654
114,2017-01-23,916.6863815
115,2017-01-24,923.3321377
116,2017-01-25,919.7216432
117,2017-01-26,897.1229648
118,2017-01-27,909.640027
119,2017-01-28,919.5912788
120,2017-01-29,916.4652519
121,2017-01-30,919.2930534
122,2017-01-31,910.438089
123,2017-02-01,958.0131344
124,2017-02-02,982.4167721
125,2017-02-03,981.7208695
126,2017-02-04,1011.228937
127,2017-02-05,1031.893611
128,2017-02-06,1035.301035
129,2017-02-07,1025.956138
130,2017-02-08,1046.414035
131,2017-02-09,1056.773144
132,2017-02-10,983.1623826
133,2017-02-11,990.0364572
134,2017-02-12,1003.360565
135,2017-02-13,995.4598853
136,2017-02-14,1004.49222
137,2017-02-15,998.2576236
138,2017-02-16,1012.264028
139,2017-02-17,1031.461901
140,2017-02-18,1036.98584
141,2017-02-19,1053.907579
142,2017-02-20,1058.065445
143,2017-02-21,1050.233571
144,2017-02-22,1116.041535
145,2017-02-23,1129.894302
146,2017-02-24,1125.984339
147,2017-02-25,1174.114258
148,2017-02-26,1157.460033
149,2017-02-27,1147.442233
150,2017-02-28,1188.907606
151,2017-03-01,1191.254227
152,2017-03-02,1189.754923
153,2017-03-03,1255.665911
154,2017-03-04,1291.031032
155,2017-03-05,1289.821293
156,2017-03-06,1277.216131
157,2017-03-07,1276.362892
158,2017-03-08,1284.395778
159,2017-03-09,1167.114029
160,2017-03-10,1176.572007
161,2017-03-11,1173.403916
162,2017-03-12,1169.984546
163,2017-03-13,1220.429661
164,2017-03-14,1234.094451
165,2017-03-15,1254.351707
166,2017-03-16,1264.096632
167,2017-03-17,1260.336638
168,2017-03-18,1100.777189
169,2017-03-19,940.2667349
170,2017-03-20,964.7662705
171,2017-03-21,1050.08735
172,2017-03-22,1148.099042
173,2017-03-23,1119.092511
174,2017-03-24,1036.833327
175,2017-03-25,929.7890307
176,2017-03-26,945.4381283
177,2017-03-27,986.9835345
178,2017-03-28,1059.374624
179,2017-03-29,1020.163018
180,2017-03-30,1012.496061
181,2017-03-31,1020.871911
182,2017-04-01,1033.035922
183,2017-04-02,1107.593999
184,2017-04-03,1101.83205
185,2017-04-04,1063.932049
186,2017-04-05,1140.14964
187,2017-04-06,1125.327969
188,2017-04-07,1128.707536
189,2017-04-08,1197.491906
190,2017-04-09,1178.642013
191,2017-04-10,1179.982792
192,2017-04-11,1207.161747
193,2017-04-12,1226.165999
194,2017-04-13,1215.68278
195,2017-04-14,1175.623041
196,2017-04-15,1189.465893
197,2017-04-16,1174.914113
198,2017-04-17,1191.935151
199,2017-04-18,1206.356529
200,2017-04-19,1170.001458
201,2017-04-20,1217.872336
202,2017-04-21,1241.339622
203,2017-04-22,1232.456627
204,2017-04-23,1260.163944
205,2017-04-24,1255.558447
206,2017-04-25,1238.697092
207,2017-04-26,1283.610964
208,2017-04-27,1310.693415
209,2017-04-28,1281.421899
210,2017-04-29,1329.896296
211,2017-04-30,1331.87023
212,2017-05-01,1330.347096
213,2017-05-02,1421.88948
214,2017-05-03,1449.666688
215,2017-05-04,1437.13922
216,2017-05-05,1505.657729
217,2017-05-06,1531.869202
218,2017-05-07,1514.91708
219,2017-05-08,1536.53255
220,2017-05-09,1648.396568
221,2017-05-10,1646.395951
222,2017-05-11,1765.794121
223,2017-05-12,1817.08467
224,2017-05-13,1831.550125
225,2017-05-14,1761.112381
226,2017-05-15,1777.008283
227,2017-05-16,1788.363835
228,2017-05-17,1738.944418
229,2017-05-18,1809.763183
230,2017-05-19,1780.135905
231,2017-05-20,1967.272147
232,2017-05-21,2075.477935
233,2017-05-22,2008.045018
234,2017-05-23,2094.988574
235,2017-05-24,2326.395037
236,2017-05-25,2272.849948
237,2017-05-26,2420.339354
238,2017-05-27,2192.656299
239,2017-05-28,2289.13144
240,2017-05-29,2205.255094
241,2017-05-30,2256.329091
242,2017-05-31,2335.847241
243,2017-06-01,2295.015264
244,2017-06-02,2394.185672
245,2017-06-03,2415.561556
246,2017-06-04,2527.937163
247,2017-06-05,2525.828345
248,2017-06-06,2524.614277
249,2017-06-07,2884.607736
250,2017-06-08,2753.064445
251,2017-06-09,2664.529836
252,2017-06-10,2786.151459
253,2017-06-11,2875.157737
254,2017-06-12,2927.298914
255,2017-06-13,2728.886942
256,2017-06-14,2771.224426
257,2017-06-15,2738.141582
258,2017-06-16,2456.155807
259,2017-06-17,2477.970029
260,2017-06-18,2471.372208
261,2017-06-19,2491.55443
262,2017-06-20,2552.648658
263,2017-06-21,2667.830754
264,2017-06-22,2608.378374
265,2017-06-23,2744.413992
266,2017-06-24,2729.808242
267,2017-06-25,2611.608038
268,2017-06-26,2545.70713
269,2017-06-27,2466.997464
270,2017-06-28,2571.472979
271,2017-06-29,2528.500304
272,2017-06-30,2602.614123
273,2017-07-01,2497.552328
274,2017-07-02,2474.958349
275,2017-07-03,2449.366764
276,2017-07-04,2541.351353
277,2017-07-05,2597.072444
278,2017-07-06,2606.886258
279,2017-07-07,2612.926062
280,2017-07-08,2534.320899
281,2017-07-09,2483.212767
282,2017-07-10,2526.461098
283,2017-07-11,2389.018289
284,2017-07-12,2329.328418
285,2017-07-13,2369.940209
286,2017-07-14,2353.748459
287,2017-07-15,2343.957243
288,2017-07-16,2088.716387
289,2017-07-17,1930.960755
290,2017-07-18,1891.960239
291,2017-07-19,2295.869525
292,2017-07-20,2252.985838
293,2017-07-21,2261.814063
294,2017-07-22,2610.645136
295,2017-07-23,2841.714081
296,2017-07-24,2823.450887
297,2017-07-24,2751.821029
298,2017-07-26,2620.200912
299,2017-07-27,2511.44245
300,2017-07-28,2671.864331
301,2017-07-29,2773.942898
302,2017-07-30,2762.398685
303,2017-07-31,2787.88343
304,2017-08-01,2815.253163
305,2017-08-02,2894.172795
306,2017-08-03,2699.713535
307,2017-08-04,2766.908963
308,2017-08-05,2815.862427
309,2017-08-06,3161.702116
310,2017-08-07,3262.121295
311,2017-08-08,3246.633621
312,2017-08-09,3382.997772
313,2017-08-10,3422.113914
314,2017-08-11,3317.170284
315,2017-08-12,3580.057518
316,2017-08-13,3886.572011
317,2017-08-14,3835.538788
318,2017-08-15,4302.428028
319,2017-08-16,4194.829724
320,2017-08-17,4203.261136
321,2017-08-18,4308.960382
322,2017-08-19,4131.732095
323,2017-08-20,4136.528213
324,2017-08-21,4109.865502
325,2017-08-22,4088.996887
326,2017-08-23,3963.146021
327,2017-08-24,4177.684641
328,2017-08-25,4343.751581
329,2017-08-26,4313.877163
330,2017-08-27,4386.237837
331,2017-08-28,4327.038345
332,2017-08-29,4360.937205
333,2017-08-30,4600.264008
334,2017-08-31,4574.686713
335,2017-09-01,4621.346888
336,2017-09-02,4873.393621
337,2017-09-03,4590.61789
338,2017-09-04,4627.673468
339,2017-09-05,4278.026879
340,2017-09-06,4571.533048
341,2017-09-07,4451.108836
342,2017-09-08,4637.593943
343,2017-09-09,4282.784875
344,2017-09-10,4347.566691
345,2017-09-11,4326.749184
346,2017-09-12,4221.026421
347,2017-09-13,4225.263897
348,2017-09-14,3977.239694
349,2017-09-15,3375.036885
350,2017-09-16,3201.581424
351,2017-09-17,3632.573426
352,2017-09-18,3774.255933
353,2017-09-19,3779.441882
354,2017-09-20,3823.830196
355,2017-09-21,3970.338312
356,2017-09-22,4008.489586
357,2017-09-23,3555.306309
358,2017-09-24,3763.460067
359,2017-09-25,3855.086294
360,2017-09-26,3873.472619
361,2017-09-27,3895.973786
362,2017-09-28,3962.285375
363,2017-09-29,4125.890379
364,2017-09-30,4168.707936
365,2017-10-01,4252.785397
366,2017-10-02,4288.954583
367,2017-10-03,4351.722598
368,2017-10-04,4488.42629
369,2017-10-05,4166.002249
370,2017-10-06,4313.308272
371,2017-10-07,4392.132434
372,2017-10-08,4327.464981
373,2017-10-09,4565.340772
374,2017-10-10,4670.181512
375,2017-10-11,4750.336636
376,2017-10-12,4785.365138
377,2017-10-13,4890.974615
378,2017-10-14,5506.273765
379,2017-10-15,5678.944872
380,2017-10-16,5854.839601
381,2017-10-17,5655.042691
382,2017-10-18,5666.832123
383,2017-10-19,5546.448291
384,2017-10-20,5718.531219
385,2017-10-21,5995.557241
386,2017-10-22,5936.952496
387,2017-10-23,6046.395091
388,2017-10-24,5819.449914
389,2017-10-25,5933.735039
390,2017-10-26,5665.846725
391,2017-10-27,5871.377357
392,2017-10-28,5898.451784
393,2017-10-29,5737.715711
394,2017-10-30,6135.158221
395,2017-10-31,6115.855468
396,2017-11-01,6404.916194
397,2017-11-02,6619.729635
398,2017-11-03,6772.408515
399,2017-11-04,7171.900868
400,2017-11-05,7496.302838
401,2017-11-06,7405.361423
402,2017-11-07,6973.030807
403,2017-11-08,7115.790513
404,2017-11-09,7100.325229
405,2017-11-10,7182.470212
406,2017-11-11,6750.308292
407,2017-11-12,6580.813095
408,2017-11-13,5645.559941
409,2017-11-14,6481.59396
410,2017-11-15,6536.561999
411,2017-11-16,7347.052887
412,2017-11-17,7704.501393
413,2017-11-18,7867.255459
414,2017-11-19,7933.084522
415,2017-11-20,7913.757207
416,2017-11-21,8024.699954
417,2017-11-22,8153.706046
418,2017-11-23,8185.858218
419,2017-11-24,8203.619071
420,2017-11-25,8353.924394
421,2017-11-26,8588.160942
422,2017-11-27,8728.519933
423,2017-11-28,9726.768957
424,2017-11-29,9945.37227
425,2017-11-30,9928.100451
426,2017-12-01,10127.90372
427,2017-12-02,10948.16708
428,2017-12-03,11075.0442
429,2017-12-04,11393.09268
430,2017-12-05,11818.58154
431,2017-12-06,11680.09152
432,2017-12-07,13663.81096
433,2017-12-08,17789.96737
434,2017-12-09,17373.13638
435,2017-12-10,13814.00664
436,2017-12-11,15109.42105
437,2017-12-12,14941.87259
438,2017-12-13,17948.96882
439,2017-12-14,15579.36268
440,2017-12-15,15578.39636
441,2017-12-16,18925.25322
442,2017-12-17,19794.78585
443,2017-12-18,17950.42463
444,2017-12-19,19152.02619
445,2017-12-20,18354.46642
446,2017-12-21,17920.77597
447,2017-12-22,15522.26328
448,2017-12-23,15364.07998
449,2017-12-24,13890.46956
450,2017-12-25,14148.57222
451,2017-12-26,14043.04744
452,2017-12-27,13488.22389
453,2017-12-28,15997.29494
454,2017-12-29,14096.24753
455,2017-12-30,13952.22254
456,2017-12-31,13298.14708
457,2018-01-01,14475.91154
458,2018-01-02,13465.4576
459,2018-01-03,14977.68799
460,2018-01-04,15321.27721
461,2018-01-05,14968.00492
462,2018-01-06,17307.31026
463,2018-01-07,17639.56841
464,2018-01-08,16897.66698
465,2018-01-09,15295.43896
466,2018-01-10,15203.60871
467,2018-01-11,14762.37214
468,2018-01-12,12840.74082
469,2018-01-13,13747.15453
470,2018-01-14,14291.93899
471,2018-01-15,13780.59577
472,2018-01-16,13631.10578
473,2018-01-17,13732.21995
474,2018-01-18,10848.19752
475,2018-01-19,10896.68333
476,2018-01-20,11366.74327
477,2018-01-21,13284.52489
478,2018-01-22,11026.08705
479,2018-01-23,11438.21355
480,2018-01-24,11607.04328
481,2018-01-25,11581.48382
482,2018-01-26,11192.75732
483,2018-01-27,10560.76962
484,2018-01-28,11811.51026
485,2018-01-29,11482.99774
486,2018-01-30,10925.71933
487,2018-01-31,10037.57029
488,2018-02-01,10292.44567
489,2018-02-02,9208.771647
490,2018-02-03,9188.345523
491,2018-02-04,8903.901264
492,2018-02-05,8147.843114
493,2018-02-06,6448.190677
494,2018-02-07,6879.283921
495,2018-02-08,8406.985174
496,2018-02-09,8075.936224
497,2018-02-10,7871.254913
498,2018-02-11,8292.847393
499,2018-02-12,8673.839915
500,2018-02-13,8065.2774
501,2018-02-14,8647.277497
502,2018-02-15,9421.015128
503,2018-02-16,9441.201585
504,2018-02-17,10205.90607
505,2018-02-18,11067.22359
506,2018-02-19,11094.15567
507,2018-02-20,11121.29932
508,2018-02-21,11601.39386
509,2018-02-22,11416.46758
510,2018-02-23,9907.876357
511,2018-02-24,10195.22501
512,2018-02-25,10139.7308
513,2018-02-26,9670.90509
514,2018-02-27,10327.45365
515,2018-02-28,10250.97383
516,2018-03-01,10450.85599
517,2018-03-02,11024.46189
518,2018-03-03,10857.9455
519,2018-03-04,11383.41725
520,2018-03-05,11469.6972
521,2018-03-06,11431.9825
522,2018-03-07,10775.85671
523,2018-03-08,10142.71066
524,2018-03-09,9850.635104
525,2018-03-10,9095.237691
526,2018-03-11,8768.401332
527,2018-03-12,8738.935462
528,2018-03-13,9207.168435
529,2018-03-14,9187.870612
530,2018-03-15,9099.289397
531,2018-03-16,8311.661068
532,2018-03-17,8563.094191
533,2018-03-18,8278.070348
534,2018-03-19,8143.506996
535,2018-03-20,8457.388061
536,2018-03-21,8607.899013
537,2018-03-22,8918.012093
538,2018-03-23,8722.13188
539,2018-03-24,8718.307477
540,2018-03-25,8636.736118
541,2018-03-26,8642.972325
542,2018-03-27,8454.386753
543,2018-03-28,7831.619543
544,2018-03-29,7981.932465
545,2018-03-30,7978.827259
546,2018-03-31,6860.542769
547,2018-04-01,6932.010163
548,2018-04-02,7014.56967
549,2018-04-03,6974.739147
550,2018-04-04,7401.759633
551,2018-04-05,7508.331039
552,2018-04-06,6692.432595
553,2018-04-07,6695.081963
554,2018-04-08,6615.270542
555,2018-04-09,6996.436777
556,2018-04-10,6770.578677
557,2018-04-11,6671.756596
558,2018-04-12,6965.314026
559,2018-04-13,7824.659762
560,2018-04-14,7956.85059
561,2018-04-15,8064.304834
562,2018-04-16,8400.052823
563,2018-04-17,8301.229877
564,2018-04-18,7791.822256
565,2018-04-19,8200.641825
566,2018-04-20,8174.523356
567,2018-04-21,8940.083923
568,2018-04-22,8730.893239
569,2018-04-23,8839.759148
570,2018-04-24,9029.502788
571,2018-04-25,9578.750159
572,2018-04-26,9635.943416
573,2018-04-27,9242.475949
574,2018-04-28,8973.888195
575,2018-04-29,9037.028823
576,2018-04-30,9336.167402
577,2018-05-01,9252.108042
578,2018-05-02,9240.020179
579,2018-05-03,9226.463705
580,2018-05-04,9649.251476
581,2018-05-05,9761.446403
582,2018-05-06,9793.81196
583,2018-05-07,9626.014471
584,2018-05-08,9636.247279
585,2018-05-09,9213.332835
586,2018-05-10,9316.486128
587,2018-05-11,9331.962449
588,2018-05-12,8400.290398
589,2018-05-13,8464.980237
590,2018-05-14,8419.718995
591,2018-05-15,8691.695964
592,2018-05-16,8454.45513
593,2018-05-17,8479.329904
594,2018-05-18,7998.04197
595,2018-05-19,8375.568225
596,2018-05-20,8180.115542
597,2018-05-21,8480.870488
598,2018-05-22,8503.106557
599,2018-05-23,8406.975537
600,2018-05-24,7563.627767
601,2018-05-25,7581.824714
602,2018-05-26,7640.54259
603,2018-05-27,7342.223567
604,2018-05-28,7356.921277
605,2018-05-29,7352.884968
606,2018-05-30,7461.711056
607,2018-05-31,7384.355405
608,2018-06-01,7376.496419
609,2018-06-02,7564.27326
610,2018-06-03,7647.373525
611,2018-06-04,7620.827046
612,2018-06-05,7453.759013
613,2018-06-06,7614.551317
614,2018-06-07,7655.187919
615,2018-06-08,7656.785816
616,2018-06-09,7583.53751
617,2018-06-10,7629.900755
618,2018-06-11,6694.035401
619,2018-06-12,6893.00544
620,2018-06-13,6924.536541
621,2018-06-14,6246.44287
622,2018-06-15,6655.493944
623,2018-06-16,6721.727988
624,2018-06-17,6492.675315
625,2018-06-18,6425.150562
626,2018-06-19,6397.866938
627,2018-06-20,6649.141568
628,2018-06-21,6913.561755
629,2018-06-22,6579.791906
630,2018-06-23,6353.633492
631,2018-06-24,6166.229387
632,2018-06-25,6208.594951
633,2018-06-26,6197.506344
634,2018-06-27,6189.954396
635,2018-06-28,6004.110431
636,2018-06-29,6136.892055
637,2018-06-30,5892.493322
638,2018-07-01,6235.894184
639,2018-07-02,6512.58667
640,2018-07-03,6462.994965
641,2018-07-04,6623.009463
642,2018-07-05,6610.632772
643,2018-07-06,6607.590391
644,2018-07-07,6554.512174
645,2018-07-08,6595.872927
646,2018-07-09,6734.374685
647,2018-07-10,6717.071512
648,2018-07-11,6476.313953
649,2018-07-12,6445.987542
650,2018-07-13,6436.207848
651,2018-07-14,6241.663353
652,2018-07-15,6382.777123
653,2018-07-16,6256.834152
654,2018-07-17,6560.654143
655,2018-07-18,6879.528563
656,2018-07-19,7219.007018
657,2018-07-20,7417.330573
658,2018-07-21,7425.788393
659,2018-07-22,7205.460833
660,2018-07-23,7467.596854
661,2018-07-24,7706.345496
662,2018-07-25,7700.295345
663,2018-07-26,8399.667002
664,2018-07-27,8140.651044
665,2018-07-28,7837.136107
666,2018-07-29,8353.926131
667,2018-07-30,8102.650822
668,2018-07-31,8200.168479
669,2018-08-01,7848.700983
670,2018-08-02,7391.195157
671,2018-08-03,7672.782866
672,2018-08-04,7415.910556
673,2018-08-05,7089.486115
674,2018-08-06,6991.62263
675,2018-08-07,6895.21964
676,2018-08-08,7013.009097
677,2018-08-09,6649.592847
678,2018-08-10,6350.399074
679,2018-08-11,6456.023681
680,2018-08-12,6152.090701
681,2018-08-13,6288.181337
682,2018-08-14,6335.215787
683,2018-08-15,6259.110438
684,2018-08-16,6386.118437
685,2018-08-17,6333.775354
686,2018-08-18,6290.978859
687,2018-08-19,6456.097361
688,2018-08-20,6416.313633
689,2018-08-21,6481.015566
690,2018-08-22,6380.591997
691,2018-08-23,6598.418599
692,2018-08-24,6345.757754
693,2018-08-25,6659.631151
694,2018-08-26,6740.671187
695,2018-08-27,6733.401099
696,2018-08-28,6699.721463
697,2018-08-29,7031.975939
698,2018-08-30,7097.426612
699,2018-08-31,6891.696746
700,2018-09-01,6972.524449
701,2018-09-02,7053.61227
702,2018-09-03,7279.986655
703,2018-09-04,7231.230838
704,2018-09-05,7237.909707
705,2018-09-06,7119.648814
706,2018-09-07,6388.990414
707,2018-09-08,6514.7021
708,2018-09-09,6386.82963
709,2018-09-10,6271.683178
710,2018-09-11,6220.629053
711,2018-09-12,6313.524708
712,2018-09-13,6286.885834
713,2018-09-14,6318.919895
714,2018-09-15,6504.117284
715,2018-09-16,6523.114871
716,2018-09-17,6518.576393
717,2018-09-18,6384.385984
718,2018-09-19,6290.67918
719,2018-09-20,6361.795142
720,2018-09-21,6431.222477
721,2018-09-22,6679.217722
722,2018-09-23,6750.190522
723,2018-09-24,6696.338765
724,2018-09-25,6636.928696
725,2018-09-26,6590.344176
726,2018-09-27,6433.730934
727,2018-09-28,6564.613351
728,2018-09-29,6695.732284
729,2018-09-30,6532.315164
730,2018-10-01,6582.554325
731,2018-10-02,6625.896472
732,2018-10-03,6566.668471
733,2018-10-04,6450.324584
734,2018-10-05,6473.979619
735,2018-10-06,6592.874308
736,2018-10-07,6605.190616
737,2018-10-08,6547.046806
738,2018-10-09,6641.47436
739,2018-10-10,6629.026559
740,2018-10-11,6601.444753
741,2018-10-12,6247.698867
742,2018-10-13,6242.415424
743,2018-10-14,6272.288738
744,2018-10-15,6285.292726
745,2018-10-16,6464.947725
746,2018-10-17,6624.824408
747,2018-10-18,6567.301242
748,2018-10-19,6579.83314
749,2018-10-20,6513.604756
750,2018-10-21,6464.0066
751,2018-10-22,6561.643725
752,2018-10-23,6491.364359
753,2018-10-24,6465.987445
754,2018-10-25,6539.919562
755,2018-10-26,6463.768104
756,2018-10-27,6475.300287
757,2018-10-28,6486.740704
758,2018-10-29,6426.494704
759,2018-10-30,6397.06928
760,2018-10-31,6303.578961
761,2018-11-01,6284.741979
762,2018-11-02,6371.154625
763,2018-11-03,6373.538204
764,2018-11-04,6387.48614
765,2018-11-05,6409.558755
766,2018-11-06,6419.741905
767,2018-11-07,6449.175754
768,2018-11-08,6547.64914
769,2018-11-09,6471.632943
770,2018-11-10,6446.606262
771,2018-11-11,6402.242045
772,2018-11-12,6365.39857
773,2018-11-13,6422.459558
774,2018-11-14,6369.289159
775,2018-11-15,6150.941397
776,2018-11-16,5739.871047
777,2018-11-17,5580.176626
778,2018-11-18,5573.478883
779,2018-11-19,5563.911462
780,2018-11-20,5253.906506
781,2018-11-21,4609.817634
782,2018-11-22,4522.810623
783,2018-11-23,4609.607357
784,2018-11-24,4262.010303
785,2018-11-25,4311.85821
786,2018-11-26,3802.709527
787,2018-11-27,3972.98249
788,2018-11-28,3797.474815
789,2018-11-29,4096.799115
790,2018-11-30,4270.913463
791,2018-12-01,4282.817195
792,2018-12-02,4094.12047
793,2018-12-03,4171.609982
794,2018-12-04,4154.998304
795,2018-12-05,3940.929711
796,2018-12-06,3838.599159
797,2018-12-07,3750.466087
798,2018-12-08,3388.524986
799,2018-12-09,3439.562235
800,2018-12-10,3468.836094
801,2018-12-11,3528.371277
802,2018-12-12,3402.888634
803,2018-12-13,3402.410111
804,2018-12-14,3425.325375
805,2018-12-15,3269.91278
806,2018-12-16,3225.862783
807,2018-12-17,3280.749484
808,2018-12-18,3418.12503
809,2018-12-19,3565.148004
810,2018-12-20,3811.201868
811,2018-12-21,3989.791216
812,2018-12-22,4145.735239
813,2018-12-23,3879.812902
814,2018-12-24,4033.70552
815,2018-12-25,4014.686916
816,2018-12-26,3791.744067
817,2018-12-27,3813.235218
818,2018-12-28,3867.315346
819,2018-12-29,3743.337802
820,2018-12-30,3916.419931
821,2018-12-31,3753.282503
822,2019-01-01,3792.088502
823,2019-01-02,3761.446749
824,2019-01-03,3867.358733
825,2019-01-04,3858.277131
826,2019-01-05,3808.448152
827,2019-01-06,3866.15335
828,2019-01-07,3938.239694
829,2019-01-08,4040.269424
830,2019-01-09,4015.841699
831,2019-01-10,4030.216009
832,2019-01-11,3802.446749
833,2019-01-12,3635.518386
834,2019-01-13,3656.855469
835,2019-01-14,3604.095445
836,2019-01-15,3517.618537
837,2019-01-16,3666.792833
838,2019-01-17,3627.295929
839,2019-01-18,3614.434544
840,2019-01-19,3628.363629
841,2019-01-20,3701.70261
842,2019-01-21,3708.140075
843,2019-01-22,3523.413635
844,2019-01-23,3537.277552
845,2019-01-24,3612.16799
846,2019-01-25,3566.859191
847,2019-01-26,3568.960675
848,2019-01-27,3575.277381
849,2019-01-28,3589.925438
850,2019-01-29,3554.996983
851,2019-01-30,3427.202621
852,2019-01-31,3419.210057
853,2019-02-01,3492.372916
854,2019-02-02,3444.425865
855,2019-02-03,3461.124652
856,2019-02-04,3508.413932
857,2019-02-05,3461.693597
858,2019-02-06,3451.435258
859,2019-02-07,3464.387875
860,2019-02-08,3399.62497
861,2019-02-09,3396.764808
862,2019-02-10,3693.725073
863,2019-02-11,3660.066837
864,2019-02-12,3662.28069
865,2019-02-13,3625.360931
866,2019-02-14,3652.648223
867,2019-02-15,3616.946744
868,2019-02-16,3583.18632
869,2019-02-17,3606.423666
870,2019-02-18,3634.111864
871,2019-02-19,3678.013744
872,2019-02-20,3923.438077
873,2019-02-21,3918.72236
874,2019-02-22,3982.667282
875,2019-02-23,3945.388624
876,2019-02-24,3991.837425
877,2019-02-25,4155.095656
878,2019-02-26,3719.910473
879,2019-02-27,3848.624575
880,2019-02-28,3865.573361
881,2019-03-01,3835.357658
882,2019-03-02,3824.665789
883,2019-03-03,3829.64168
884,2019-03-04,3851.398076
885,2019-03-05,3817.973476
886,2019-03-06,3706.98424
887,2019-03-07,3884.191754
888,2019-03-08,3894.555565
889,2019-03-09,3879.206181
890,2019-03-10,3860.133255
891,2019-03-11,3963.596478
892,2019-03-12,3937.848294
893,2019-03-13,3866.827927
894,2019-03-14,3886.024625
895,2019-03-15,3887.064089
896,2019-03-16,3891.925032
897,2019-03-17,3934.560152
898,2019-03-18,4017.666173
899,2019-03-19,3992.966154
900,2019-03-20,3998.066752
901,2019-03-21,4033.657439
902,2019-03-22,4059.447816
903,2019-03-23,3981.846461
904,2019-03-24,3997.89701
905,2019-03-25,4021.417762
906,2019-03-26,3993.511473
907,2019-03-27,3922.655945
908,2019-03-28,3949.743712
909,2019-03-29,4069.251418
910,2019-03-30,4033.959311
911,2019-03-31,4106.986027
912,2019-04-01,4115.154045
913,2019-04-02,4121.025949
914,2019-04-03,4156.260421
915,2019-04-04,4951.429751
916,2019-04-05,4955.247255
917,2019-04-06,4849.886936
918,2019-04-07,5041.812522
919,2019-04-08,5103.389052
920,2019-04-09,5195.168382
921,2019-04-10,5234.727589
922,2019-04-11,5158.311187
923,2019-04-12,5351.701976
924,2019-04-13,5020.967079
925,2019-04-14,5047.850367
926,2019-04-15,5072.857738
927,2019-04-16,5181.979684
928,2019-04-17,5017.837331
929,2019-04-18,5190.425096
930,2019-04-19,5233.989603
931,2019-04-20,5287.256423
932,2019-04-21,5265.820166
933,2019-04-22,5303.135745
934,2019-04-23,5287.041952
935,2019-04-24,5392.530844
936,2019-04-25,5527.36663
937,2019-04-26,5411.418802
938,2019-04-27,5164.362286
939,2019-04-28,5323.39784
940,2019-04-29,5303.831324
941,2019-04-30,5280.563428
942,2019-05-01,5236.081336
943,2019-05-02,5286.605922
944,2019-05-03,5352.834214
945,2019-05-04,5383.558128
946,2019-05-05,5661.643478
947,2019-05-06,5783.241008
948,2019-05-07,5707.220388
949,2019-05-08,5671.807851
950,2019-05-09,5771.148581
951,2019-05-10,5964.721389
952,2019-05-11,6154.179683
953,2019-05-12,6342.669111
954,2019-05-13,7330.539804
955,2019-05-14,6944.663205
956,2019-05-15,7844.433562
957,2019-05-16,8023.268387
958,2019-05-17,8210.11814
959,2019-05-18,7826.864678
960,2019-05-19,7308.590361
961,2019-05-20,7307.992637
962,2019-05-21,8334.954821
963,2019-05-22,7944.839544
964,2019-05-23,7835.949856
965,2019-05-24,7637.200963
966,2019-05-25,8006.530098
967,2019-05-26,8008.273629
968,2019-05-27,7975.144734
969,2019-05-28,8800.764889
970,2019-05-29,8838.647679
971,2019-05-30,8673.359022
972,2019-05-31,8601.675489
973,2019-06-01,8268.185266
974,2019-06-02,8638.203869
975,2019-06-03,8557.356953
976,2019-06-04,8690.18562
977,2019-06-05,8066.820116
978,2019-06-06,7677.687034
979,2019-06-07,7861.009277
980,2019-06-08,7805.315269
981,2019-06-09,7957.432351
982,2019-06-10,7916.700404
983,2019-06-11,7644.598463
984,2019-06-12,8075.23192
985,2019-06-13,7899.696059
986,2019-06-14,8155.167467
987,2019-06-15,8252.706895
988,2019-06-16,8752.49362
989,2019-06-17,8893.789665
990,2019-06-18,8940.227157
991,2019-06-19,9357.032913
992,2019-06-20,9078.997985
993,2019-06-21,9281.93718
994,2019-06-22,9550.334508
995,2019-06-23,10273.89918
996,2019-06-24,10692.53418
997,2019-06-25,10771.53263
998,2019-06-26,11014.41192
999,2019-06-27,11874.04815
1000,2019-06-28,13054.34982
1001,2019-06-29,10857.83328
1002,2019-06-30,12398.96075
1003,2019-07-01,12024.8117
1004,2019-07-02,10663.94384
1005,2019-07-03,10466.76056
1006,2019-07-04,10881.64576
1007,2019-07-05,12011.60106
1008,2019-07-06,11460.06284
1009,2019-07-07,10711.61416
1010,2019-07-08,11272.44353
1011,2019-07-09,11493.10819
1012,2019-07-10,12050.28267
1013,2019-07-11,12816.97722
1014,2019-07-12,12081.8849
1015,2019-07-13,11404.37391
1016,2019-07-14,11878.65444
1017,2019-07-15,11307.19336
1018,2019-07-16,10053.65759
1019,2019-07-17,11017.79576
1020,2019-07-18,9214.620367
1021,2019-07-19,9699.565063
1022,2019-07-20,10674.68731
1023,2019-07-21,10560.38695
1024,2019-07-22,10754.65258
1025,2019-07-23,10546.48556
1026,2019-07-24,10315.59405
1027,2019-07-25,9927.091072
1028,2019-07-26,9782.77233
1029,2019-07-27,9871.911239
1030,2019-07-28,9836.18916
1031,2019-07-29,9455.732101
1032,2019-07-30,9547.761077
1033,2019-07-31,9515.363471
1034,2019-08-01,9580.819381
1035,2019-08-02,10098.36646
1036,2019-08-03,10470.35445
1037,2019-08-04,10522.73576
1038,2019-08-05,10746.09408
1039,2019-08-06,10992.4681
1040,2019-08-07,11903.08825
1041,2019-08-08,11482.64668
1042,2019-08-09,11835.7097
1043,2019-08-10,12163.55476
1044,2019-08-11,11744.84858
1045,2019-08-12,11275.10852
1046,2019-08-13,11674.54212
1047,2019-08-14,11250.31146
1048,2019-08-15,10949.94947
1049,2019-08-16,10017.73982
1050,2019-08-17,10206.08034
1051,2019-08-18,10499.65412
1052,2019-08-19,10112.27828
1053,2019-08-20,10303.61751
1054,2019-08-21,10981.81411
1055,2019-08-22,10719.58115
1056,2019-08-23,10203.63501
1057,2019-08-24,10110.14407
1058,2019-08-25,10339.6231
1059,2019-08-26,10244.02857
1060,2019-08-27,10051.4264
1061,2019-08-28,10382.5566
1062,2019-08-29,10224.60426
1063,2019-08-30,9685.460793
1064,2019-08-31,9494.343928
1065,2019-09-01,9604.371164
1066,2019-09-02,9594.342334
1067,2019-09-03,9782.470274
1068,2019-09-04,10323.10209
1069,2019-09-05,10646.79982
1070,2019-09-06,10614.59367
1071,2019-09-07,10510.23893
1072,2019-09-08,10316.17531
1073,2019-09-09,10458.1582
1074,2019-09-10,10390.46629
1075,2019-09-11,10303.20906
1076,2019-09-12,10047.70047
1077,2019-09-13,10183.75425
1078,2019-09-14,10443.38618
1079,2019-09-15,10356.99787
1080,2019-09-16,10349.11025
1081,2019-09-17,10316.7542
1082,2019-09-18,10264.53983
1083,2019-09-19,10180.82043
1084,2019-09-20,10157.4473
1085,2019-09-21,10287.14971
1086,2019-09-22,10166.66086
1087,2019-09-23,9959.912439
1088,2019-09-24,10040.877
1089,2019-09-25,9673.915522
1090,2019-09-26,8525.56517
1091,2019-09-27,8449.241477
1092,2019-09-28,8097.358755
1093,2019-09-29,8197.288137
1094,2019-09-30,8182.946602
1095,2019-10-01,8021.255667
1096,2019-10-02,8330.280542
1097,2019-10-03,8347.471863
1098,2019-10-04,8326.58324
1099,2019-10-05,8290.233194
1100,2019-10-06,8128.00835
1101,2019-10-07,8131.479632
1102,2019-10-08,7918.01401
1103,2019-10-09,8159.641213
1104,2019-10-10,8228.172179
1105,2019-10-11,8585.912007
1106,2019-10-12,8565.32279
1107,2019-10-13,8296.85422
1108,2019-10-14,8279.631239
1109,2019-10-15,8298.551697
1110,2019-10-16,8359.884414
1111,2019-10-17,8138.611567
1112,2019-10-18,8020.254833
1113,2019-10-19,8069.164524
1114,2019-10-20,7948.948483
1115,2019-10-21,7970.80231
1116,2019-10-22,8224.603834
1117,2019-10-23,8231.230933
1118,2019-10-24,8018.228764
1119,2019-10-25,7458.649059
1120,2019-10-26,7434.356367
1121,2019-10-27,8770.195699
1122,2019-10-28,9261.862837
1123,2019-10-29,9467.133108
1124,2019-10-30,9176.631184
1125,2019-10-31,9517.105429
1126,2019-11-01,9188.080401
1127,2019-11-02,9090.466246
1128,2019-11-03,9233.00775
1129,2019-11-04,9343.912073
1130,2019-11-05,9221.08756
1131,2019-11-06,9401.082922
1132,2019-11-07,9284.050484
1133,2019-11-08,9358.621331
1134,2019-11-09,9218.270547
1135,2019-11-10,8735.059065
1136,2019-11-11,8808.455542
1137,2019-11-12,9072.553671
1138,2019-11-13,8697.528179
1139,2019-11-14,8785.878431
1140,2019-11-15,8770.748747
1141,2019-11-16,8639.889351
1142,2019-11-17,8445.983067
1143,2019-11-18,8481.569683
1144,2019-11-19,8513.394369
1145,2019-11-20,8159.43875
1146,2019-11-21,8116.671977
1147,2019-11-22,8093.472636
1148,2019-11-23,7596.984937
1149,2019-11-24,7267.614737
1150,2019-11-25,7347.745837
1151,2019-11-26,6901.453405
1152,2019-11-27,7133.421808
1153,2019-11-28,7165.200906
1154,2019-11-29,7540.910082
1155,2019-11-30,7418.257457
1156,2019-12-01,7762.384107
1157,2019-12-02,7549.655859
1158,2019-12-03,7393.6833
1159,2019-12-04,7313.164012
1160,2019-12-05,7305.918245
1161,2019-12-06,7185.861105
1162,2019-12-07,7401.362111
1163,2019-12-08,7557.353601
1164,2019-12-09,7496.180769
1165,2019-12-10,7515.015015
1166,2019-12-11,7332.573235
1167,2019-12-12,7223.67602
1168,2019-12-13,7208.186186
1169,2019-12-14,7187.351092
1170,2019-12-15,7250.704149
1171,2019-12-16,7057.345833
1172,2019-12-17,7117.119842
1173,2019-12-18,6874.813219
1174,2019-12-19,6596.943334
1175,2019-12-20,7328.898483
1176,2019-12-21,7146.964097
1177,2019-12-22,7159.367727
1178,2019-12-23,7138.39725
1179,2019-12-24,7559.644246
1180,2019-12-25,7313.239969
1181,2019-12-26,7214.098208
1182,2019-12-27,7212.333084
1183,2019-12-28,7225.133847
1184,2019-12-29,7250.713694
1185,2019-12-30,7279.43344
1186,2019-12-31,7380.005003
1187,2020-01-01,7225.051448
1188,2020-01-02,7174.54797
1189,2020-01-03,7173.931565
1190,2020-01-04,6926.452198
1191,2020-01-05,7351.302143
1192,2020-01-06,7358.312291
1193,2020-01-07,7332.805758
1194,2020-01-08,7770.028947
1195,2020-01-09,8194.060053
1196,2020-01-10,8021.285653
1197,2020-01-11,7816.19055
1198,2020-01-12,8222.917983
1199,2020-01-13,8035.15738
1200,2020-01-14,8159.540746
1201,2020-01-15,8084.024641
1202,2020-01-16,8845.89582
1203,2020-01-17,8847.893321
1204,2020-01-18,8687.275011
1205,2020-01-19,8923.365844
1206,2020-01-20,8927.154016
1207,2020-01-21,8667.42038
1208,2020-01-22,8619.097776
1209,2020-01-23,8746.591131
1210,2020-01-24,8645.983916
1211,2020-01-25,8404.99009
1212,2020-01-26,8402.217848
1213,2020-01-27,8346.174598
1214,2020-01-28,8574.457076
1215,2020-01-29,8918.13843
1216,2020-01-30,9407.300333
1217,2020-01-31,9271.621926
1218,2020-02-01,9495.415385
1219,2020-02-02,9358.62935
1220,2020-02-03,9342.202526
1221,2020-02-04,9340.291706
1222,2020-02-05,9150.010655
1223,2020-02-06,9145.590161
1224,2020-02-07,9662.637967
1225,2020-02-08,9744.561311
1226,2020-02-09,9792.707383
1227,2020-02-10,9942.642069
1228,2020-02-11,10145.55364
1229,2020-02-12,9853.549531
1230,2020-02-13,10284.53462
1231,2020-02-14,10371.01367
1232,2020-02-15,10215.04364
1233,2020-02-16,10346.22883
1234,2020-02-17,9931.502943
1235,2020-02-18,9914.264666
1236,2020-02-19,9712.764379
1237,2020-02-20,10191.73179
1238,2020-02-21,9616.044702
1239,2020-02-22,9581.375265
1240,2020-02-23,9723.048268
1241,2020-02-24,9662.222789
1242,2020-02-25,9984.319392
1243,2020-02-26,9687.748452
1244,2020-02-27,9249.370914
1245,2020-02-28,8802.394109
1246,2020-02-29,8800.171964
1247,2020-03-01,8701.928538
1248,2020-03-02,8539.763017
1249,2020-03-03,8914.265494
1250,2020-03-04,8930.111044
1251,2020-03-05,8725.574149
1252,2020-03-06,8771.370346
1253,2020-03-07,9086.155243
1254,2020-03-08,9143.162528
1255,2020-03-09,8896.371979
1256,2020-03-10,8007.266599
1257,2020-03-11,7914.489737
1258,2020-03-12,7927.591934
1259,2020-03-13,7895.532872
1260,2020-03-14,4732.314614
1261,2020-03-15,5696.474747
1262,2020-03-16,5217.872663
1263,2020-03-17,5292.627751
1264,2020-03-18,5028.991284
1265,2020-03-19,5412.150281
1266,2020-03-20,5314.036472
1267,2020-03-21,6333.620875
1268,2020-03-22,6176.291525
1269,2020-03-23,6137.483108
1270,2020-03-24,5923.624202
1271,2020-03-25,6407.827111
1272,2020-03-26,6851.109394
1273,2020-03-27,6684.661067
1274,2020-03-28,6708.754271
1275,2020-03-29,6448.804133
1276,2020-03-30,6179.340341
1277,2020-03-31,5909.529513
1278,2020-04-01,6434.240364
1279,2020-04-02,6403.12183
1280,2020-04-03,6664.976359
1281,2020-04-04,6829.980345
1282,2020-04-05,6711.277746
1283,2020-04-06,6891.845698
1284,2020-04-07,6783.801608
1285,2020-04-08,7326.668416
1286,2020-04-09,7254.48025
1287,2020-04-10,7310.415755
1288,2020-04-11,7332.100021
1289,2020-04-12,6853.201128
1290,2020-04-13,6856.586865
1291,2020-04-14,6979.049536
1292,2020-04-15,6805.256592
1293,2020-04-16,6882.43839
1294,2020-04-17,6621.139383
1295,2020-04-18,7114.045357
1296,2020-04-19,7043.271854
1297,2020-04-20,7209.593875
1298,2020-04-21,7127.985186
1299,2020-04-22,6844.219073
1300,2020-04-23,6848.579386
1301,2020-04-24,7136.359392
1302,2020-04-25,7488.042039
1303,2020-04-26,7499.68222
1304,2020-04-27,7547.458855
1305,2020-04-28,7709.467139
1306,2020-04-29,7786.961709
1307,2020-04-30,7760.286042
1308,2020-05-01,8787.971807
1309,2020-05-02,8678.826283
1310,2020-05-03,8747.555998
1311,2020-05-04,9047.741798
1312,2020-05-05,8883.078321
1313,2020-05-06,8845.36856
1314,2020-05-07,9104.272377
1315,2020-05-08,9122.648237
1316,2020-05-09,10028.9372
1317,2020-05-10,9877.21088
1318,2020-05-11,9416.243563
1319,2020-05-12,8819.579227
1320,2020-05-13,8629.238672
1321,2020-05-14,8823.410649
1322,2020-05-15,9375.93388
1323,2020-05-16,9769.227933
1324,2020-05-17,9304.360267
1325,2020-05-18,9384.435184
1326,2020-05-19,9698.168813
1327,2020-05-20,9721.588529
1328,2020-05-21,9744.842794
1329,2020-05-22,9531.353441
1330,2020-05-23,9063.551748
1331,2020-05-24,9181.004277
1332,2020-05-25,9184.09638
1333,2020-05-26,8736.91513
1334,2020-05-27,8872.692112
1335,2020-05-28,8857.854872
1336,2020-05-29,9179.716904
1337,2020-05-30,9512.894377
1338,2020-05-31,9436.943501
1339,2020-06-01,9759.284215
1340,2020-06-02,9452.823535
1341,2020-06-03,10206.93565
1342,2020-06-04,9560.953948
1343,2020-06-05,9658.467769
1344,2020-06-06,9769.855032
1345,2020-06-07,9648.417616
1346,2020-06-08,9648.377491
1347,2020-06-09,9743.763711
1348,2020-06-10,9792.025559
1349,2020-06-11,9798.013426
1350,2020-06-12,9868.880916
1351,2020-06-13,9280.629061
1352,2020-06-14,9486.648504
1353,2020-06-15,9462.71632
1354,2020-06-16,9306.152563
1355,2020-06-17,9448.2262
1356,2020-06-18,9537.59455
1357,2020-06-19,9423.478162
1358,2020-06-20,9389.434059
1359,2020-06-21,9324.45886
1360,2020-06-22,9354.311162
1361,2020-06-23,9271.18425
1362,2020-06-24,9722.971327
1363,2020-06-25,9615.195689
1364,2020-06-26,9247.192801
1365,2020-06-27,9235.834236
1366,2020-06-28,9150.586282
1367,2020-06-29,8992.469768
1368,2020-06-30,9106.259406
1369,2020-07-01,9212.187956
1370,2020-07-02,9118.049144
1371,2020-07-03,9217.567956
1372,2020-07-04,9101.660862
1373,2020-07-05,9072.115596
1374,2020-07-06,9107.424836
1375,2020-07-07,9086.367789
1376,2020-07-08,9370.191621
1377,2020-07-09,9240.878535
1378,2020-07-10,9422.243164
1379,2020-07-11,9275.645793
1380,2020-07-12,9271.896334
1381,2020-07-13,9214.169101
1382,2020-07-14,9312.254007
1383,2020-07-15,9259.79783
1384,2020-07-16,9222.15431
1385,2020-07-17,9199.876063
1386,2020-07-18,9158.224673
1387,2020-07-19,9140.364458
1388,2020-07-20,9167.136415
1389,2020-07-21,9240.253426
1390,2020-07-22,9170.556757
1391,2020-07-23,9365.397768
1392,2020-07-24,9552.98182
1393,2020-07-25,9632.322504
1394,2020-07-26,9525.362105
1395,2020-07-27,9704.434247
1396,2020-07-28,9959.203092
1397,2020-07-29,11066.63907
1398,2020-07-30,10938.93637
1399,2020-07-31,11093.9411
1400,2020-08-01,11127.21325
1401,2020-08-02,11328.43092
1402,2020-08-03,11796.16909
1403,2020-08-04,11081.21202
1404,2020-08-05,11219.70015
1405,2020-08-06,11195.67604
1406,2020-08-07,11727.55998
1407,2020-08-08,11772.59516
1408,2020-08-09,11639.84948
1409,2020-08-10,11722.00735
1410,2020-08-11,11721.35453
1411,2020-08-12,11882.31371
1412,2020-08-13,11443.28938
1413,2020-08-14,11575.05238
1414,2020-08-15,11801.50883
1415,2020-08-16,11753.05773
1416,2020-08-17,11882.42708
1417,2020-08-18,11928.28543
1418,2020-08-19,12276.62045
1419,2020-08-20,11996.22154
1420,2020-08-21,11689.81578
1421,2020-08-22,11888.26863
1422,2020-08-23,11533.96871
1423,2020-08-24,11631.22061
1424,2020-08-25,11720.65891
1425,2020-08-26,11721.12222
1426,2020-08-27,11333.59862
1427,2020-08-28,11486.03946
1428,2020-08-29,11286.11867
1429,2020-08-30,11532.95432
1430,2020-08-31,11510.83548
1431,2020-09-01,11672.17671
1432,2020-09-02,11693.74522
1433,2020-09-03,11911.12916
1434,2020-09-04,11390.47595
1435,2020-09-05,10151.8368
1436,2020-09-06,10448.93668
1437,2020-09-07,10225.86201
1438,2020-09-08,10169.22238
1439,2020-09-09,10428.68789
1440,2020-09-10,10120.73838
1441,2020-09-11,10164.2182
1442,2020-09-12,10444.56469
1443,2020-09-13,10337.67365
1444,2020-09-14,10444.20462
1445,2020-09-15,10386.21661
1446,2020-09-16,10601.17366
1447,2020-09-17,10853.25145
1448,2020-09-18,10932.09417
1449,2020-09-19,10913.97152
1450,2020-09-20,10985.63459
1451,2020-09-21,11037.8337
1452,2020-09-22,10935.22871
1453,2020-09-23,10433.473
1454,2020-09-24,10488.46037
1455,2020-09-25,10292.1374
1456,2020-09-26,10686.00375
1457,2020-09-27,10726.9589
1458,2020-09-28,10726.96295
1459,2020-09-29,10752.62385
1460,2020-09-30,10727.15502
1461,2020-10-01,10811.44153
1462,2020-10-02,10792.84325
1463,2020-10-03,10622.84428
1464,2020-10-04,10550.09696
1465,2020-10-05,10580.24621
1466,2020-10-06,10657.56701
1467,2020-10-07,10790.40194
1468,2020-10-08,10630.13095
1469,2020-10-09,10640.6721
1470,2020-10-10,10900.42328
1471,2020-10-11,11061.51924
1472,2020-10-12,11276.9225
1473,2020-10-13,11378.80797
1474,2020-10-14,11566.03046
1475,2020-10-15,11399.30371
1476,2020-10-16,11441.70303
1477,2020-10-17,11487.85871
1478,2020-10-18,11301.95618
1479,2020-10-19,11354.83392
1480,2020-10-20,11491.56103
1481,2020-10-21,11770.51558
1482,2020-10-22,11942.32408
1483,2020-10-23,12803.88784
1484,2020-10-24,13028.35672
1485,2020-10-25,12895.25734
1486,2020-10-26,13123.07137
1487,2020-10-27,13072.77895
1488,2020-10-28,13031.31014
1489,2020-10-29,13686.26836
1490,2020-10-30,13298.66847
1491,2020-10-31,13400.35375
1492,2020-11-01,13642.7905
1493,2020-11-02,13758.10545
1494,2020-11-03,13762.17472
1495,2020-11-04,13620.54114
1496,2020-11-05,13950.54613
1497,2020-11-06,14224.52522
1498,2020-11-07,15567.45827
1499,2020-11-08,15597.50623
1500,2020-11-09,14862.52745
1501,2020-11-10,15438.23988
1502,2020-11-11,15401.46579
1503,2020-11-12,15266.76479
1504,2020-11-13,15695.01155
1505,2020-11-14,16347.86121
1506,2020-11-15,16275.86311
1507,2020-11-16,16135.26294
1508,2020-11-17,15972.45441
1509,2020-11-18,16671.44253
1510,2020-11-19,17761.07528
1511,2020-11-20,17744.99908
1512,2020-11-21,17819.39263
1513,2020-11-22,18683.0179
1514,2020-11-23,18715.11631
1515,2020-11-24,18421.79792
1516,2020-11-25,18392.30706
1517,2020-11-26,19223.69788
1518,2020-11-27,18757.46162
1519,2020-11-28,17144.40655
1520,2020-11-29,17146.33636
1521,2020-11-30,17709.74313
1522,2020-12-01,18107.33867
1523,2020-12-02,19784.67162
1524,2020-12-03,18706.98339
1525,2020-12-04,19056.07242
1526,2020-12-05,19647.57747
1527,2020-12-06,18576.78701
1528,2020-12-07,19082.14402
1529,2020-12-08,19561.9024
1530,2020-12-09,19014.15323
1531,2020-12-10,18374.8952
1532,2020-12-11,18601.60902
1533,2020-12-12,18141.84186
1534,2020-12-13,18117.57098
1535,2020-12-14,18729.64634
1536,2020-12-15,19152.59657
1537,2020-12-16,19333.13594
1538,2020-12-17,19376.86355
1539,2020-12-18,21416.30011
1540,2020-12-19,22862.54039
1541,2020-12-20,23129.98793
1542,2020-12-21,23873.50832
1543,2020-12-22,23565.12597
1544,2020-12-23,22751.07389
1545,2020-12-24,23844.68672
1546,2020-12-25,23297.22734
1547,2020-12-26,23738.01901
1548,2020-12-27,24661.34794
1549,2020-12-28,26469.5534
1550,2020-12-29,26201.66629
1551,2020-12-30,27069.07239
1552,2020-12-31,27353.03066
1553,2021-01-01,28880.06026
1554,2021-01-02,29040.23253
1555,2021-01-03,29313.35344
1556,2021-01-04,32457.19811
1557,2021-01-05,33315.60923
1558,2021-01-06,32249.35263
1559,2021-01-07,34341.47406
1560,2021-01-08,37315.16844
1561,2021-01-09,40166.46651
1562,2021-01-10,41371.80837
1563,2021-01-11,40851.25519
1564,2021-01-12,38484.30902
1565,2021-01-13,35310.81156
1566,2021-01-14,33812.74058
1567,2021-01-15,37815.74432
1568,2021-01-16,39409.86338
1569,2021-01-17,36302.60213
1570,2021-01-18,36149.9663
1571,2021-01-19,35998.97518
1572,2021-01-20,36584.62839
1573,2021-01-21,35836.92811
1574,2021-01-22,35606.44822
1575,2021-01-23,30349.56312
1576,2021-01-24,33651.11719
1577,2021-01-25,32329.67156
1578,2021-01-26,32049.91666
1579,2021-01-27,31960.00727
1580,2021-01-28,32601.95843
1581,2021-01-29,30206.39137
1582,2021-01-30,33717.30982
1583,2021-01-31,34177.27112
1584,2021-02-01,34260.08007
1585,2021-02-02,33272.77151
1586,2021-02-03,33346.45198
1587,2021-02-04,35662.36748
1588,2021-02-05,37374.62675
1589,2021-02-06,36786.91036
1590,2021-02-07,38679.52577
1591,2021-02-08,39434.30518
1592,2021-02-09,38480.00004
1593,2021-02-10,46731.99441
1594,2021-02-11,45848.12582
1595,2021-02-12,43948.24689
1596,2021-02-13,48204.92948
1597,2021-02-14,47294.59874
1598,2021-02-15,47313.67734
1599,2021-02-16,48128.7875
1600,2021-02-17,47597.11919
1601,2021-02-18,50148.44235
1602,2021-02-19,51069.51292
1603,2021-02-20,51699.29555
1604,2021-02-21,56414.84486
1605,2021-02-22,56463.75584
1606,2021-02-23,58012.72693
1607,2021-02-24,54630.805
1608,2021-02-25,49178.67015
1609,2021-02-26,50793.4145
1610,2021-02-27,46293.71548
1611,2021-02-28,45732.12249
1612,2021-03-01,45491.08317
1613,2021-03-02,44371.07571
1614,2021-03-03,49563.0281
1615,2021-03-04,48495.97216
1616,2021-03-05,50379.73394
1617,2021-03-06,47787.57963
1618,2021-03-07,49416.29544
1619,2021-03-08,48590.17892
1620,2021-03-09,50875.80575
1621,2021-03-10,52538.69632
1622,2021-03-11,54874.90683
1623,2021-03-12,56012.90402
1624,2021-03-13,57808.5573
1625,2021-03-14,57322.46234
1626,2021-03-15,61417.85076
1627,2021-03-16,59414.91733
1628,2021-03-17,55745.87968
1629,2021-03-18,56437.54608
1630,2021-03-19,59034.12706
1631,2021-03-20,58117.00484
1632,2021-03-21,58126.21638
1633,2021-03-22,58352.31202
1634,2021-03-23,57456.1168
1635,2021-03-24,54245.36302
1636,2021-03-25,54327.96673
1637,2021-03-26,52427.35882
1638,2021-03-27,51240.28452
1639,2021-03-28,54825.21215
1640,2021-03-29,55510.74975
1641,2021-03-30,56166.50041
1642,2021-03-31,57739.87581
1643,2021-04-01,58432.53635
1644,2021-04-02,58150.17006
1645,2021-04-03,58329.93848
1646,2021-04-04,58777.54578
1647,2021-04-05,57153.13637
1648,2021-04-06,58094.75129
1649,2021-04-07,58823.54836
1650,2021-04-08,58115.71965
1651,2021-04-09,55808.39492
1652,2021-04-10,57815.34243
1653,2021-04-11,57782.79508
1654,2021-04-12,59569.30714
1655,2021-04-13,60033.5425
1656,2021-04-14,60125.51608
1657,2021-04-15,63962.21792
1658,2021-04-16,63339.42779
1659,2021-04-17,63379.45148
1660,2021-04-18,61245.15252
1661,2021-04-19,60028.87924
1662,2021-04-20,55623.24601
1663,2021-04-21,55241.81921
1664,2021-04-22,56441.00984
1665,2021-04-23,54110.7591
1666,2021-04-24,51622.195
1667,2021-04-25,51372.37387
1668,2021-04-26,50001.88359
1669,2021-04-27,48669.65329
1670,2021-04-28,53661.37351
1671,2021-04-29,55004.06127
1672,2021-04-30,55168.94445
1673,2021-05-01,54132.8723
1674,2021-05-02,58206.96348
1675,2021-05-03,58082.25143
1676,2021-05-04,56516.08411
1677,2021-05-05,56874.32197
1678,2021-05-06,52761.2486
1679,2021-05-07,57254.02756
1680,2021-05-08,56460.58684
1681,2021-05-09,57748.35033
1682,2021-05-10,59211.46045
1683,2021-05-11,58673.08785
1684,2021-05-12,55915.99573
1685,2021-05-13,56586.39242
1686,2021-05-14,49688.4253
1687,2021-05-15,49787.84178
1688,2021-05-16,49218.93387
1689,2021-05-17,47102.72782
1690,2021-05-18,47038.43716
1691,2021-05-19,43963.31552
1692,2021-05-20,42949.2798
1693,2021-05-21,36919.95616
1694,2021-05-22,39919.52726
1695,2021-05-23,37438.87974
1696,2021-05-24,37249.59294
1697,2021-05-25,34759.88995
1698,2021-05-26,38017.36391
1699,2021-05-27,38625.03574
1700,2021-05-28,39336.06669
1701,2021-05-29,38662.37194
1702,2021-05-30,35916.70469
1703,2021-05-31,34437.87913
1704,2021-06-01,35336.10747
1705,2021-06-02,37151.84935
1706,2021-06-03,36855.1983
1707,2021-06-04,37520.84451
1708,2021-06-05,39152.35771
1709,2021-06-06,37284.73979
1710,2021-06-07,35538.53796
1711,2021-06-08,35603.60727
1712,2021-06-09,33616.93566
1713,2021-06-10,33207.95483
1714,2021-06-11,36884.06842
1715,2021-06-12,37045.21298
1716,2021-06-13,37414.67407
1717,2021-06-14,35742.42886
1718,2021-06-15,38638.28644
1719,2021-06-16,40637.17393
1720,2021-06-17,40488.35253
1721,2021-06-18,38593.19725
1722,2021-06-19,37998.97064
1723,2021-06-20,35830.19582
1724,2021-06-21,35301.24851
1725,2021-06-22,35445.32961
1726,2021-06-23,31940.17367
1727,2021-06-24,32031.84765
1728,2021-06-25,33415.88682
1729,2021-06-26,34618.08014
1730,2021-06-27,32002.50294
1731,2021-06-28,31965.00212
1732,2021-06-29,34328.34879
1733,2021-06-30,34583.62978
1734,2021-07-01,35850.88597
1735,2021-07-02,35264.01484
1736,2021-07-03,33703.20435
1737,2021-07-04,33727.68334
1738,2021-07-05,34554.49167
1739,2021-07-06,35286.914
1740,2021-07-07,33954.22802
1741,2021-07-08,34126.31966
1742,2021-07-09,33842.97568
1743,2021-07-10,32927.67623
1744,2021-07-11,33656.01543
1745,2021-07-12,33539.9339
1746,2021-07-13,34167.40491
1747,2021-07-14,33293.24676
1748,2021-07-15,32694.21772
1749,2021-07-16,32736.06334
1750,2021-07-17,31793.51768
1751,2021-07-18,31364.40785
1752,2021-07-19,31429.55078
1753,2021-07-20,31720.1441
1754,2021-07-21,30899.93025
1755,2021-07-22,29824.06782
1756,2021-07-23,31805.69779
1757,2021-07-24,32344.11928
1758,2021-07-25,33568.9798
1759,2021-07-26,34360.81827
1760,2021-07-27,35414.99436
1761,2021-07-28,37314.23685
1762,2021-07-29,39476.51882
1763,2021-07-30,40264.44341
1764,2021-07-31,40247.4181
1765,2021-08-01,42182.1296
1766,2021-08-02,41905.99855
1767,2021-08-03,40107.98924
1768,2021-08-04,39141.27139
1769,2021-08-05,37950.84352
1770,2021-08-06,39450.11378
1771,2021-08-07,40800.06652
1772,2021-08-08,42813.32859
1773,2021-08-09,44746.49384
1774,2021-08-10,44145.32276
1775,2021-08-11,46261.77946
1776,2021-08-12,45860.61433
1777,2021-08-13,45694.50876
1778,2021-08-14,44515.08106
1779,2021-08-15,47486.7988
1780,2021-08-16,47355.06072
1781,2021-08-17,47169.54944
1782,2021-08-18,46097.09746
1783,2021-08-19,44677.40191
1784,2021-08-20,44613.61915
1785,2021-08-21,46504.52372
1786,2021-08-22,49253.54095
1787,2021-08-23,49216.72194
1788,2021-08-24,49426.95963
1789,2021-08-25,49597.08313
1790,2021-08-26,47924.22759
1791,2021-08-27,48780.59659
1792,2021-08-28,47138.85568
1793,2021-08-29,48759.02787
1794,2021-08-30,48999.80476
1795,2021-08-31,48851.89542
1796,2021-09-01,47220.3929
1797,2021-09-02,47023.24141
1798,2021-09-03,48674.36281
1799,2021-09-04,49390.18373
1800,2021-09-05,50061.81385
1801,2021-09-06,50049.45503
1802,2021-09-07,51672.76122
1803,2021-09-08,52772.56908
1804,2021-09-09,47423.01544
1805,2021-09-10,45822.84872
1806,2021-09-11,46114.55091
