,Date,Value
0,2016-09-29,601.5906451170239
1,2016-09-30,600.9622027150347
2,2016-10-01,605.5717617902758
3,2016-10-02,612.7475476174703
4,2016-10-03,611.6523216173617
5,2016-10-04,610.5614446627739
6,2016-10-05,608.635126438045
7,2016-10-06,606.3385189995661
8,2016-10-07,610.5118939379984
9,2016-10-08,615.8026000383951
10,2016-10-09,614.000476502971
11,2016-10-10,614.8439372766384
12,2016-10-11,616.7397069172273
13,2016-10-12,614.4819530673574
14,2016-10-13,630.4054966584359
15,2016-10-14,635.334226595121
16,2016-10-15,634.0157201565249
17,2016-10-16,636.2919116713016
18,2016-10-17,639.3268528757332
19,2016-10-18,641.9989280352646
20,2016-10-19,636.9717873246135
21,2016-10-20,628.9743357160085
22,2016-10-21,628.3117581715604
23,2016-10-22,631.473472662246
24,2016-10-23,656.1022351828119
25,2016-10-24,652.189864508077
26,2016-10-25,651.1835464815083
27,2016-10-26,654.8910820125203
28,2016-10-27,651.2970551588496
29,2016-10-28,678.673206943975
30,2016-10-29,688.2854959766202
31,2016-10-30,685.9626524480391
32,2016-10-31,694.6202811141833
33,2016-11-01,704.6880376962482
34,2016-11-02,699.5963071956116
35,2016-11-03,728.8949749819783
36,2016-11-04,712.4286322806848
37,2016-11-05,688.8869073441585
38,2016-11-06,682.8886763255688
39,2016-11-08,711.1176973371926
40,2016-11-09,715.0612988206329
41,2016-11-10,719.6354468459986
42,2016-11-11,721.0324304056273
43,2016-11-12,720.1880186646904
44,2016-11-13,711.2323567889888
45,2016-11-14,708.0436202859416
46,2016-11-15,707.9429316144056
47,2016-11-16,711.2810093271252
48,2016-11-17,712.6540651967945
49,2016-11-18,731.6479226167271
50,2016-11-19,741.7368555275322
51,2016-11-20,749.9588012247116
52,2016-11-21,733.8511964114003
53,2016-11-22,742.6880913861025
54,2016-11-23,738.78910484423
55,2016-11-24,743.8168531702894
56,2016-11-25,740.2012477361309
57,2016-11-26,739.603143179435
58,2016-11-27,737.2992377356213
59,2016-11-28,732.6008425344961
60,2016-11-29,731.2126522253072
61,2016-11-30,734.36985178883
62,2016-12-01,742.0701283507224
63,2016-12-02,742.4040422508906
64,2016-12-03,766.2386119354345
65,2016-12-04,763.7990040552268
66,2016-12-05,763.8354737767738
67,2016-12-06,758.1003595200887
68,2016-12-07,759.2268707423259
69,2016-12-08,761.0571600142823
70,2016-12-09,769.2422116885048
71,2016-12-10,771.6247679898319
72,2016-12-11,770.6478670844267
73,2016-12-12,776.8956437581754
74,2016-12-13,777.9337876521405
75,2016-12-14,779.2782446014971
76,2016-12-15,777.5128391074093
77,2016-12-16,778.9358144135552
78,2016-12-17,778.544469865257
79,2016-12-18,788.0436781661112
80,2016-12-19,789.1012588863568
81,2016-12-20,790.008179612838
82,2016-12-21,793.7778459775822
83,2016-12-22,817.6081344895016
84,2016-12-23,830.2310883389448
85,2016-12-24,896.2080324666344
86,2016-12-25,898.0685252662499
87,2016-12-26,889.8904589042062
88,2016-12-27,898.5925197018031
89,2016-12-28,927.61742300291
90,2016-12-29,936.5061085625741
91,2016-12-30,958.9491088889677
92,2016-12-31,962.6107219227413
93,2017-01-01,954.8861465513734
94,2017-01-05,1118.6379662637473
95,2017-01-06,1069.0171947760366
96,2017-01-07,1032.823556932487
97,2017-01-08,951.1986956896371
98,2017-01-09,918.8145553720201
99,2017-01-11,906.4235300981254
100,2017-01-12,826.9730601383496
101,2017-01-13,747.7282409815906
102,2017-01-14,848.8343060541595
103,2017-01-15,817.9842969319079
104,2017-01-16,831.3037615092447
105,2017-01-17,831.7861197267857
106,2017-01-18,897.4870778328128
107,2017-01-19,914.1918858958197
108,2017-01-20,897.3386317438702
109,2017-01-21,899.4506190835166
110,2017-01-22,897.9938615107098
111,2017-01-23,919.2180537329552
112,2017-01-24,925.2046168901658
113,2017-01-25,922.4091445747086
114,2017-01-26,901.6694949510994
115,2017-01-27,913.7939093694698
116,2017-01-28,922.6981150597521
117,2017-01-29,920.0508261627056
118,2017-01-30,923.0231226437489
119,2017-01-31,914.7155719667699
120,2017-02-01,959.416892163151
121,2017-02-02,980.8734439102557
122,2017-02-03,981.1979457349983
123,2017-02-04,1008.4740409306335
124,2017-02-05,1027.3691241056042
125,2017-02-06,1031.2874025978829
126,2017-02-07,1023.4551449640412
127,2017-02-08,1043.1144155496133
128,2017-02-09,1052.6288659151403
129,2017-02-10,985.543580477094
130,2017-02-11,992.8109488583617
131,2017-02-12,1004.634694027252
132,2017-02-13,997.608835120812
133,2017-02-14,1005.0317446683276
134,2017-02-15,1000.5456238241246
135,2017-02-16,1014.1701410764682
136,2017-02-17,1031.6799860593844
137,2017-02-18,1037.3080228977692
138,2017-02-19,1051.0939105514674
139,2017-02-20,1055.3275410515373
140,2017-02-21,1048.2496776346654
141,2017-02-22,1111.4263781321833
142,2017-02-23,1123.0199410635007
143,2017-02-24,1121.3278923744447
144,2017-02-25,1167.2876410189067
145,2017-02-26,1150.1917718629961
146,2017-02-27,1143.6731010448666
147,2017-02-28,1183.5961273253447
148,2017-03-01,1185.2309236664523
149,2017-03-02,1185.3569463345566
150,2017-03-03,1249.6455856902962
151,2017-03-04,1284.5451387994844
152,2017-03-05,1284.0837167462632
153,2017-03-06,1271.742985915539
154,2017-03-07,1271.4161669996977
155,2017-03-08,1279.690275358613
156,2017-03-09,1171.45292692336
157,2017-03-10,1182.0931055847516
158,2017-03-11,1178.2992738404578
159,2017-03-12,1174.0225218812943
160,2017-03-13,1223.1121168612376
161,2017-03-14,1235.9892219401813
162,2017-03-15,1256.148837076865
163,2017-03-16,1266.2493140719796
164,2017-03-17,1263.2474527440186
165,2017-03-18,1118.7611423044552
166,2017-03-19,944.0812791593895
167,2017-03-20,981.6200337811671
168,2017-03-21,1058.58060026409
169,2017-03-22,1124.2101181102967
170,2017-03-23,1119.893331123245
171,2017-03-24,1026.1792739443863
172,2017-03-25,931.6967075012236
173,2017-03-26,946.791160648902
174,2017-03-27,988.9883442528034
175,2017-03-28,1062.847316510606
176,2017-03-29,1024.3422883679743
177,2017-03-30,1015.8769260555059
178,2017-03-31,1023.188730144611
179,2017-04-01,1034.4679786896438
180,2017-04-02,1109.4723423156047
181,2017-04-03,1105.0544231491451
182,2017-04-04,1068.101869570144
183,2017-04-05,1143.5613941035679
184,2017-04-06,1128.0626021478488
185,2017-04-07,1130.998214182177
186,2017-04-08,1198.3293705714377
187,2017-04-09,1180.495031278387
188,2017-04-10,1183.4929553850106
189,2017-04-11,1210.6278756732054
190,2017-04-12,1229.1237421426795
191,2017-04-13,1218.488635716596
192,2017-04-14,1178.7813015132483
193,2017-04-15,1192.7641739722083
194,2017-04-16,1178.1490103569386
195,2017-04-17,1195.2008587963605
196,2017-04-18,1209.4928231787242
197,2017-04-19,1173.0857918875774
198,2017-04-20,1220.7611024683642
199,2017-04-21,1243.599759125433
200,2017-04-22,1234.8502304351193
201,2017-04-23,1262.868519668087
202,2017-04-24,1258.5465684215844
203,2017-04-25,1242.0501254230217
204,2017-04-26,1286.8369428600558
205,2017-04-27,1313.4824244191473
206,2017-04-28,1284.557503501182
207,2017-04-29,1332.920813948264
208,2017-04-30,1334.6062732670835
209,2017-05-01,1333.2593839943877
210,2017-05-02,1424.3935439087204
211,2017-05-03,1451.8476764837085
212,2017-05-04,1440.1105446617612
213,2017-05-05,1508.630276827243
214,2017-05-06,1534.3955410095346
215,2017-05-07,1518.1072177764484
216,2017-05-08,1540.5380425129222
217,2017-05-09,1651.7289669925258
218,2017-05-10,1649.3775556067485
219,2017-05-11,1764.8811439402707
220,2017-05-12,1820.6548819060451
221,2017-05-13,1824.9744073040438
222,2017-05-14,1765.8099156321293
223,2017-05-15,1786.0566981072063
224,2017-05-16,1795.8850047191454
225,2017-05-17,1745.915669043411
226,2017-05-18,1818.8859554809571
227,2017-05-19,1782.6066075252186
228,2017-05-20,1972.0145693400796
229,2017-05-21,2077.975380234712
230,2017-05-22,1988.1307803777765
231,2017-05-25,2253.0292739173337
232,2017-05-26,2419.7421604391047
233,2017-05-27,2212.3864268680827
234,2017-05-28,2295.095472679421
235,2017-05-29,2232.0207431713006
236,2017-05-30,2242.2680952937126
237,2017-05-31,2327.849815241983
238,2017-06-01,2272.3236318575873
239,2017-06-02,2397.9734414333966
240,2017-06-03,2420.3161702773764
241,2017-06-04,2534.5892491195946
242,2017-06-05,2532.084359287703
243,2017-06-06,2531.0669400175516
244,2017-06-07,2892.5656951105766
245,2017-06-08,2758.235167819603
246,2017-06-09,2660.336482954859
247,2017-06-10,2760.620909389167
248,2017-06-11,2868.5575115128822
249,2017-06-12,2843.262632501739
250,2017-06-13,2905.3642061196024
251,2017-06-14,2815.7140177014808
252,2017-06-15,2720.165818651625
253,2017-06-16,2464.30220111838
254,2017-06-17,2487.4192273777953
255,2017-06-18,2478.717830608018
256,2017-06-19,2497.017850336753
257,2017-06-20,2610.812335595934
258,2017-06-21,2620.1837253443514
259,2017-06-22,2687.6525453229206
260,2017-06-23,2724.4029966897215
261,2017-06-24,2713.172231953801
262,2017-06-25,2615.144228140046
263,2017-06-26,2545.291891181514
264,2017-06-27,2501.9136858442716
265,2017-06-28,2503.7472522789867
266,2017-06-29,2584.405676159425
267,2017-06-30,2582.925255010974
268,2017-07-01,2508.1286542598295
269,2017-07-02,2501.386761572985
270,2017-07-03,2412.1920742637403
271,2017-07-04,2545.4586272448405
272,2017-07-05,2595.3081986409634
273,2017-07-06,2636.790271160725
274,2017-07-07,2578.9631588185694
275,2017-07-08,2541.214755920013
276,2017-07-09,2490.0815048706345
277,2017-07-10,2532.697991195987
278,2017-07-11,2420.2001157624
279,2017-07-12,2304.108650127506
280,2017-07-13,2401.5659903965156
281,2017-07-14,2361.6605196540127
282,2017-07-15,2340.531564005561
283,2017-07-16,2126.868611259313
284,2017-07-17,1944.223161976425
285,2017-07-18,1903.0113007897694
286,2017-07-19,2303.415464038919
287,2017-07-20,2246.644372204541
288,2017-07-21,2307.862843270005
289,2017-07-23,2849.1698518306084
290,2017-07-24,2831.147193660819
291,2017-07-25,2730.3347853155965
292,2017-07-26,2560.8660169539853
293,2017-07-27,2578.8411260414346
294,2017-07-28,2650.510290978665
295,2017-07-29,2786.6393473046282
296,2017-07-30,2777.0536121011346
297,2017-07-31,2752.804321790761
298,2017-08-01,2869.724998233454
299,2017-08-02,2858.821197999514
300,2017-08-03,2700.0510341100676
301,2017-08-04,2814.486767594408
302,2017-08-05,2785.3917443450555
303,2017-08-06,3221.3198074590114
304,2017-08-07,3215.031997974985
305,2017-08-08,3219.6295587087147
306,2017-08-12,3588.2884968053368
307,2017-08-13,3897.091906603971
308,2017-08-14,3844.7309759734158
309,2017-08-15,4311.902798225715
310,2017-08-16,4191.0432073851825
311,2017-08-17,4214.014479313607
312,2017-08-18,4319.36820921041
313,2017-08-19,4145.340793382938
314,2017-08-20,4145.68018888829
315,2017-08-21,4120.772370296376
316,2017-08-22,4099.801029149442
317,2017-08-23,3972.8289143849556
318,2017-08-24,4187.750006033858
319,2017-08-25,4354.0577423780915
320,2017-08-26,4325.509914118067
321,2017-08-27,4396.24100571062
322,2017-08-28,4338.646936493942
323,2017-08-29,4371.397208823044
324,2017-08-30,4610.50239294937
325,2017-08-31,4586.967377750853
326,2017-09-01,4632.387824661139
327,2017-09-02,4883.861081920231
328,2017-09-03,4604.722008640663
329,2017-09-04,4638.658424822559
330,2017-09-05,4344.592697938188
331,2017-09-06,4439.678954296938
332,2017-09-07,4462.760651329014
333,2017-09-08,4649.6624112433165
334,2017-09-09,4293.007119002676
335,2017-09-10,4356.261544094488
336,2017-09-11,4337.294732881615
337,2017-09-12,4230.507539448299
338,2017-09-13,4234.647051445674
339,2017-09-14,3986.0049741923517
340,2017-09-16,3202.8720607229234
341,2017-10-16,5881.772097105459
342,2017-10-17,5703.17361009503
343,2017-10-18,5642.442702890674
344,2017-10-19,5602.542848768784
345,2017-10-21,5985.4816598468415
346,2017-10-22,5991.099014948073
347,2017-10-23,6008.5817370344685
348,2017-10-24,5883.035086989394
349,2017-10-25,5923.588221457394
350,2017-10-26,5678.779019420631
351,2017-10-27,5829.662865749273
352,2017-10-28,5932.5170241181395
353,2017-10-29,5842.15893141521
354,2017-10-30,6146.059528088592
355,2017-10-31,6127.261302177916
356,2017-11-01,6418.065385894457
357,2017-11-02,6630.941054407849
358,2017-11-03,6784.215039764728
359,2017-11-04,7261.366256831938
360,2017-11-05,7737.7117447860455
361,2017-11-06,7407.833880881805
362,2017-11-07,6991.906406476519
363,2017-11-08,7128.461737571439
364,2017-11-09,7116.6131516235555
365,2017-11-10,7196.668209041484
366,2017-11-11,6724.888056484719
367,2017-11-12,6610.529536521849
368,2017-11-16,7123.729900233643
369,2017-11-17,7716.513745798386
370,2017-11-18,7883.4638484405
371,2017-11-19,7945.119449138659
372,2017-11-20,7919.443258394436
373,2017-11-21,8044.69240174182
374,2017-11-22,8193.897798750113
375,2017-11-23,8191.2651209172045
376,2017-11-24,8221.096306385009
377,2017-11-25,8388.59034008275
378,2017-11-26,8619.60240767645
379,2017-11-27,8745.84362706124
380,2017-11-28,9748.358294715974
381,2017-11-29,9965.628858480175
382,2017-11-30,9946.679324035951
383,2017-12-01,10150.757801379636
384,2017-12-02,10824.40469889939
385,2017-12-03,10909.87067326683
386,2017-12-04,11404.191514290971
387,2017-12-05,11609.318144131514
388,2017-12-06,11649.870270139412
389,2017-12-07,13811.083132219153
390,2017-12-08,17811.604214947798
391,2017-12-09,17370.693101915473
392,2017-12-10,13872.822344066157
393,2017-12-11,15280.529903809225
394,2017-12-12,14969.037147330206
395,2017-12-16,18962.2940430098
396,2017-12-19,19207.226850731775
397,2017-12-20,18381.912503968168
398,2017-12-21,18033.463493470743
399,2017-12-22,15553.983620836214
400,2017-12-23,15400.635539232659
401,2017-12-24,13938.551872998332
402,2017-12-25,14206.833498539245
403,2017-12-26,14059.53366413185
404,2017-12-27,13504.101338571898
405,2017-12-28,16025.477339609528
406,2017-12-29,14116.123579512283
407,2017-12-30,13984.428351329916
408,2017-12-31,13328.326350607611
409,2018-01-01,14494.773503821101
410,2018-01-02,13479.60227549553
411,2018-01-03,15009.00974405891
412,2018-01-04,15345.5804714143
413,2018-01-05,14991.345027461348
414,2018-01-06,17337.052947737833
415,2018-01-07,17664.578978383106
416,2018-01-08,16930.036872441513
417,2018-01-09,14744.493307070505
418,2018-01-10,14832.8874119415
419,2018-01-11,14783.836498256269
420,2018-01-12,12865.619738370642
421,2018-01-13,13773.96930385344
422,2018-01-14,14312.409298903978
423,2018-01-15,13804.586479347998
424,2018-01-16,13657.984088970861
425,2018-01-17,13755.346008070082
426,2018-01-18,10868.387784829407
427,2018-01-19,11273.810630569968
428,2018-01-20,11383.846954922572
429,2018-01-21,13284.371852347842
430,2018-01-22,11173.529307917293
431,2018-01-23,11309.972864031452
432,2018-01-24,11521.971492395856
433,2018-01-25,11429.417764444468
434,2018-01-26,11170.349058574193
435,2018-01-27,10875.344398839849
436,2018-01-28,11830.396605679114
437,2018-01-29,11501.606726059048
438,2018-01-30,10945.611384935695
439,2018-01-31,10055.71389529522
440,2018-02-01,10309.59735909925
441,2018-02-02,9026.542337499255
442,2018-02-03,8680.86830301231
443,2018-02-04,8963.336113912834
444,2018-02-05,8522.048840400956
445,2018-02-06,6459.657802082454
446,2018-02-07,6960.521279097757
447,2018-02-08,8454.828104506825
448,2018-02-09,7944.3257234654075
449,2018-02-10,8083.8657060127625
450,2018-02-11,8641.283110408089
451,2018-02-14,8558.983947514957
452,2018-02-17,10141.523017017167
453,2018-02-18,10895.28084601022
454,2018-02-19,11112.087272062607
455,2018-02-20,11096.864478503321
456,2018-02-21,11435.16097392075
457,2018-02-22,11263.669402677282
458,2018-02-23,9774.407979301539
459,2018-02-24,10240.551997615865
460,2018-02-25,10318.223005669252
461,2018-02-26,9619.080874578145
462,2018-02-27,10346.578836580098
463,2018-02-28,10383.546971178328
464,2018-03-01,10412.546713166977
465,2018-03-02,11060.317375870938
466,2018-03-03,10904.382795271193
467,2018-03-04,11362.556580348648
468,2018-03-05,11487.100234365002
469,2018-03-06,11531.767036764275
470,2018-03-07,10665.49293665521
471,2018-03-08,10078.054690307692
472,2018-03-09,10020.655869151915
473,2018-03-10,9065.86469088449
474,2018-03-11,8671.27899216934
475,2018-03-12,8829.215925322751
476,2018-03-13,9314.719134132823
477,2018-03-14,9131.694568972887
478,2018-03-15,9075.186202245417
479,2018-03-16,8306.139183764553
480,2018-03-17,8652.960729006792
481,2018-03-18,8336.763160140154
482,2018-03-19,8089.695192227522
483,2018-03-20,8431.680690493908
484,2018-03-21,8711.087664381597
485,2018-03-22,8994.427632875426
486,2018-03-23,8596.081567856301
487,2018-03-24,8719.794860126993
488,2018-03-25,8752.825943811107
489,2018-03-26,8644.257945484802
490,2018-03-27,8393.846710750877
491,2018-03-28,7812.614026434017
492,2018-03-29,8053.112809445927
493,2018-03-30,8021.640621724012
494,2018-03-31,6708.518285394465
495,2018-04-01,6923.916466531232
496,2018-04-02,7091.082578526374
497,2018-04-03,7075.410678851462
498,2018-04-04,7349.91168602993
499,2018-04-05,7408.526057026451
500,2018-04-06,6826.4880369792545
501,2018-04-07,6625.569881337278
502,2018-04-08,6661.74699299521
503,2018-04-09,7061.671403892932
504,2018-04-10,6652.527432710453
505,2018-04-11,6784.494377358276
506,2018-04-12,6994.319512265738
507,2018-04-13,7969.5714634700835
508,2018-04-14,7899.364355993168
509,2018-04-15,7968.542054783337
510,2018-04-16,8422.669901465177
511,2018-04-17,8442.32682217769
512,2018-04-18,7803.755520394821
513,2018-04-19,8163.955555851718
514,2018-04-20,8263.06466329983
515,2018-04-21,8953.069453729093
516,2018-04-22,8743.979212063248
517,2018-04-23,8886.15752356343
518,2018-04-24,9002.111543527033
519,2018-04-25,9685.281972950399
520,2018-04-26,9630.06390429037
521,2018-04-27,9133.25281233715
522,2018-04-28,9035.598044380671
523,2018-04-29,9050.53942467453
524,2018-04-30,9390.638561119562
525,2018-05-01,9169.30949861578
526,2018-05-02,9214.8778919309
527,2018-05-03,9314.386680094976
528,2018-05-04,9733.890514520035
529,2018-05-05,9708.637456365073
530,2018-05-06,9753.307741604538
531,2018-05-07,9668.130524549251
532,2018-05-08,9703.370642379203
533,2018-05-09,9182.404742410485
534,2018-05-10,9308.835837552015
535,2018-05-11,9366.579628867123
536,2018-05-12,8413.005826937053
537,2018-05-13,8484.538243590447
538,2018-05-14,8525.5544672714
539,2018-05-15,8697.828501215536
540,2018-05-16,8465.50788093745
541,2018-05-17,8454.0172764333
542,2018-05-18,8123.452767526125
543,2018-05-19,8299.584757429362
544,2018-05-20,8245.075079972396
545,2018-05-21,8510.779485072504
546,2018-05-22,8381.67146628073
547,2018-05-23,8419.034329684207
548,2018-05-24,7486.812721296205
549,2018-05-25,7586.364193546636
550,2018-05-26,7651.017328975531
551,2018-05-27,7323.4938463323815
552,2018-05-28,7328.795176468075
553,2018-05-29,7373.631772243288
554,2018-05-30,7518.206602477434
555,2018-05-31,7372.377716059725
556,2018-06-01,7360.083246599293
557,2018-06-02,7577.895949313212
558,2018-06-03,7694.530253251616
559,2018-06-04,7620.695962604362
560,2018-06-05,7464.247016727967
561,2018-06-06,7661.069772633486
562,2018-06-07,7665.664963839896
563,2018-06-08,7667.332427683353
564,2018-06-09,7594.074893566195
565,2018-06-10,7640.385635413049
566,2018-06-11,6726.697169314484
567,2018-06-12,6902.49301755406
568,2018-06-13,6933.750102133638
569,2018-06-14,6254.877788516424
570,2018-06-15,6664.555936949947
571,2018-06-16,6692.259216782107
572,2018-06-17,6501.404184489413
573,2018-06-18,6433.8678525962305
574,2018-06-19,6464.657450705246
575,2018-06-20,6807.94699465091
576,2018-06-21,6709.982783406401
577,2018-06-22,6724.844366780293
578,2018-06-23,6304.662286622936
579,2018-06-24,6174.401134634623
580,2018-06-25,6216.698055684699
581,2018-06-26,6205.659625900482
582,2018-06-27,6195.232289598949
583,2018-06-28,6102.245008748699
584,2018-06-29,6144.889706600251
585,2018-06-30,5900.108810121243
586,2018-07-01,6243.994707939404
587,2018-07-02,6404.936153821857
588,2018-07-03,6471.4206728598965
589,2018-07-04,6631.698233811538
590,2018-07-05,6597.044561076905
591,2018-07-06,6616.244446003872
592,2018-07-07,6563.085226649393
593,2018-07-08,6604.462027212479
594,2018-07-09,6778.576534246512
595,2018-07-10,6725.810877768629
596,2018-07-11,6484.806260220594
597,2018-07-12,6380.491470470923
598,2018-07-13,6444.425014917354
599,2018-07-14,6241.663352706719
600,2018-07-15,6225.417326113219
601,2018-07-16,6264.837646727862
602,2018-07-17,6568.949909468033
603,2018-07-18,6905.370925359483
604,2018-07-19,7334.096616454982
605,2018-07-20,7382.088358843522
606,2018-07-21,7435.42395155671
607,2018-07-22,7352.901167193322
608,2018-07-23,7477.227504367369
609,2018-07-24,7716.1358251438305
610,2018-07-25,7710.159654700415
611,2018-07-26,8302.78479003337
612,2018-07-27,8193.827573685345
613,2018-07-28,7892.863762339863
614,2018-07-29,8223.087214711664
615,2018-07-30,8261.096296809788
616,2018-07-31,8210.77728504542
617,2018-08-01,7858.96300399855
618,2018-08-02,7564.252217266727
619,2018-08-03,7682.418198742129
620,2018-08-04,7397.597308362321
621,2018-08-05,7194.460928241927
622,2018-08-06,7000.487951123861
623,2018-08-07,7048.430905709032
624,2018-08-08,7021.745399771261
625,2018-08-09,6657.991532023545
626,2018-08-10,6358.408288443984
627,2018-08-11,6464.018797909636
628,2018-08-12,6159.625347233247
629,2018-08-13,6295.921667673228
630,2018-08-14,6342.965995706622
631,2018-08-15,6266.797903760178
632,2018-08-16,6393.937889558747
633,2018-08-17,6341.490521303067
634,2018-08-18,6298.650537027791
635,2018-08-19,6463.954285330876
636,2018-08-20,6424.134807115448
637,2018-08-21,6488.90349044298
638,2018-08-22,6388.340620453723
639,2018-08-23,6606.411842759927
640,2018-08-24,6353.48945842108
641,2018-08-25,6556.775284702673
642,2018-08-26,6748.743726606765
643,2018-08-27,6741.48436755342
644,2018-08-28,6707.872017880715
645,2018-08-29,7040.43120130659
646,2018-08-30,7105.918994903601
647,2018-08-31,6900.120671460565
648,2018-09-01,6981.039963863774
649,2018-09-02,7062.085963873416
650,2018-09-03,7288.66479600799
651,2018-09-04,7239.951095479508
652,2018-09-05,7246.742406292153
653,2018-09-06,7128.250560106514
654,2018-09-07,6396.692823013332
655,2018-09-08,6522.455078313851
656,2018-09-09,6394.309478989571
657,2018-09-10,6279.048488956419
658,2018-09-11,6228.024380927904
659,2018-09-12,6320.934691474834
660,2018-09-13,6294.1995302738005
661,2018-09-14,6326.348903710446
662,2018-09-15,6511.750641843004
663,2018-09-16,6530.752801295522
664,2018-09-17,6526.203423725213
665,2018-09-18,6391.903957045658
666,2018-09-19,6298.043716742786
667,2018-09-20,6369.170356055428
668,2018-09-21,6438.677256257088
669,2018-09-22,6686.971012242044
670,2018-09-23,6758.062099355976
671,2018-09-24,6704.187960381407
672,2018-09-25,6644.684039526338
673,2018-09-26,6597.9826197908305
674,2018-09-27,6467.831255126652
675,2018-09-28,6546.1649297103495
676,2018-09-29,6714.600816856893
677,2018-09-30,6539.885628389063
678,2018-10-01,6590.174761543345
679,2018-10-02,6633.497063113002
680,2018-10-03,6574.20455477683
681,2018-10-04,6457.772301843731
682,2018-10-05,6490.026539455547
683,2018-10-06,6600.3745647175465
684,2018-10-07,6590.868630039391
685,2018-10-08,6560.734131815667
686,2018-10-09,6628.199691808707
687,2018-10-10,6645.085905693242
688,2018-10-11,6634.090714990357
689,2018-10-12,6204.48888007861
690,2018-10-13,6273.998025730162
691,2018-10-14,6293.65679921019
692,2018-10-15,6309.265448957515
693,2018-10-16,6442.80095744745
694,2018-10-17,6615.147060342876
695,2018-10-18,6614.511941158958
696,2018-10-19,6566.4334653564865
697,2018-10-20,6502.446226512945
698,2018-10-21,6501.57093759555
699,2018-10-22,6555.557638394734
700,2018-10-23,6505.0236040843365
701,2018-10-24,6473.162925552402
702,2018-10-25,6523.523073764788
703,2018-10-26,6507.389609321401
704,2018-10-27,6473.9487788246715
705,2018-10-28,6463.942769044562
706,2018-10-29,6468.722226466564
707,2018-10-30,6389.902941572796
708,2018-10-31,6307.044651103611
709,2018-11-01,6308.597566223004
710,2018-11-02,6361.038969300118
711,2018-11-03,6399.110033673503
712,2018-11-04,6387.64296214293
713,2018-11-05,6394.910663571872
714,2018-11-06,6456.1765981635435
715,2018-11-07,6447.811294103089
716,2018-11-08,6546.681101772579
717,2018-11-09,6483.5704043816195
718,2018-11-10,6447.756880133319
719,2018-11-11,6409.747504477596
720,2018-11-12,6387.641158807862
721,2018-11-13,6416.146392257197
722,2018-11-14,6372.748693186682
723,2018-11-15,6162.79249774318
724,2019-01-28,3593.158706645483
725,2019-01-29,3558.2013024574594
726,2019-01-30,3430.29234206892
727,2019-01-31,3422.249548146649
728,2019-02-01,3495.4797172913522
729,2019-02-02,3447.501956810984
730,2019-02-03,3464.2247969956147
731,2019-02-04,3511.554159322695
732,2019-02-05,3464.776366602003
733,2019-02-06,3454.497767985573
734,2019-02-07,3467.4700480975876
735,2019-02-08,3402.648880858425
736,2019-02-09,3399.7639004800667
737,2019-02-10,3696.9825348924765
738,2019-02-11,3663.3563986965178
739,2019-02-12,3665.591195364341
740,2019-02-13,3628.6041542070693
741,2019-02-14,3655.8786672513147
742,2019-02-15,3620.1488354863673
743,2019-02-16,3586.3853140684187
744,2019-02-17,3609.6221310980122
745,2019-02-18,3637.325945966773
746,2019-02-19,3681.2621598539404
747,2019-02-20,3926.9436445743895
748,2019-02-21,3922.2589754270425
749,2019-02-22,3986.2630342206785
750,2019-02-23,3948.9202955289334
751,2019-02-24,3995.4019887337836
752,2019-02-25,4158.817127884423
753,2019-02-26,3723.2951615527936
754,2019-02-27,3852.047920828036
755,2019-02-28,3868.966134069513
756,2019-03-01,3838.7534656755324
757,2019-03-02,3828.080419903811
758,2019-03-03,3833.0363681503395
759,2019-03-04,3854.781661867034
760,2019-03-05,3821.3318602432378
761,2019-03-06,3710.2546960782197
762,2019-03-07,3887.605485662306
763,2019-03-08,3897.972864218798
764,2019-03-09,3882.623066804466
765,2019-03-10,3863.536249375267
766,2019-03-11,3967.0800333055104
767,2019-03-12,3941.3212736715745
768,2019-03-13,3870.224422532482
769,2019-03-14,3889.4324966266004
770,2019-03-15,3890.4632015774264
771,2019-03-16,3895.320815432822
772,2019-03-17,3938.000353217991
773,2019-03-18,4021.1885248453796
774,2019-03-19,3996.4733330216436
775,2019-03-20,4001.569347701728
776,2019-03-21,4037.1756133974286
777,2019-03-22,4062.993053248546
778,2019-03-23,3985.3331389612117
779,2019-03-24,4001.381625670598
780,2019-03-25,4024.907377827083
781,2019-03-26,3996.9835890784984
782,2019-03-27,3926.068235757717
783,2019-03-28,3953.160280030379
784,2019-03-29,4072.75901988874
785,2019-03-30,4037.4542894775464
786,2019-03-31,4110.56291991843
787,2019-04-01,4118.730765386044
788,2019-04-02,4124.593861775715
789,2019-04-03,4159.855890227972
790,2019-04-04,4955.747463107848
791,2019-04-05,4959.67024047013
792,2019-04-06,4854.283193759057
793,2019-04-07,5046.302629101909
794,2019-04-08,5107.864091744581
795,2019-04-09,5199.781912467387
796,2019-04-10,5239.444521534713
797,2019-04-11,5162.945928921973
798,2019-04-12,5356.470898705559
799,2019-04-13,5025.427425411035
800,2019-04-14,5052.338415186059
801,2019-04-15,5077.341487468451
802,2019-04-16,5186.542309559157
803,2019-04-17,5022.287952149466
804,2019-04-18,5195.027793254179
805,2019-04-19,5238.604639734603
806,2019-04-20,5291.921613122984
807,2019-04-21,5270.489071109524
808,2019-04-22,5307.828417385284
809,2019-04-23,5291.714379741896
810,2019-04-24,5397.277176267162
811,2019-04-25,5532.235088142922
812,2019-04-26,5416.213753689357
813,2019-04-27,5168.943614331298
814,2019-04-28,5328.086657218169
815,2019-04-29,5308.440888580326
816,2019-04-30,5285.2061875868385
817,2019-05-01,5240.696984001485
818,2019-05-02,5291.228356756468
819,2019-05-03,5357.476946043137
820,2019-05-04,5388.258239984978
821,2019-05-05,5666.591026289769
822,2019-05-06,5788.318625186688
823,2019-05-07,5712.2541371596835
824,2019-05-08,5676.7933838842455
825,2019-05-09,5776.180593585718
826,2019-05-10,5969.920937197883
827,2019-05-11,6159.578065763803
828,2019-05-12,6348.261555262453
829,2019-05-13,7336.945063500516
830,2019-05-14,6950.8913457109675
831,2019-05-15,7851.44889439778
832,2019-05-16,8030.3743412398635
833,2019-05-17,8217.456879786127
834,2019-05-18,7834.029422108695
835,2019-05-19,7315.287098819032
836,2019-05-20,7314.447164948564
837,2019-05-21,8342.055962512057
838,2019-05-22,7951.8603355937885
839,2019-05-23,7843.25577749654
840,2019-05-24,7644.185024951502
841,2019-05-25,8013.487519324666
842,2019-05-26,8015.24826178123
843,2019-05-27,7982.373009643734
844,2019-06-28,13064.938824163686
845,2019-06-29,10868.220276149588
846,2019-06-30,12378.325462774801
847,2019-07-01,12133.42727467163
848,2019-07-02,10394.712217808872
849,2019-07-03,10779.670396426605
850,2019-07-04,10878.495676866338
851,2019-07-05,12171.465498655072
852,2019-07-06,11469.860580837538
853,2019-07-07,10721.73203689684
854,2019-07-08,11377.71486736808
855,2019-07-09,11604.023201784767
856,2019-07-10,12278.470912247878
857,2019-07-11,12483.333510081033
858,2019-07-12,12093.02303581808
859,2019-07-13,11414.746735050354
860,2019-07-14,11889.322624630488
861,2019-07-15,11317.156340179132
862,2019-07-16,10076.48967132327
863,2019-07-17,11026.823260670937
864,2019-07-18,9223.428388296177
865,2019-07-19,9708.763165265505
866,2019-07-20,10683.780264539788
867,2019-07-21,10569.898204656438
868,2019-07-22,10764.245258860135
869,2019-07-23,10555.896161868803
870,2019-07-24,10324.487076190064
871,2019-07-25,9867.212526819074
872,2019-07-26,9791.37066362567
873,2019-07-27,9880.405532848614
874,2019-07-28,9844.706445532125
875,2019-07-29,9464.369694081666
876,2019-07-30,9555.880763608084
877,2019-07-31,9523.40906943928
878,2019-08-01,9589.020167903931
879,2019-08-02,10107.163728889465
880,2019-08-03,10438.298733657939
881,2019-08-04,10531.753653923606
882,2019-08-05,10820.260176653974
883,2019-08-06,11001.927542586836
884,2019-08-07,11919.244093788386
885,2019-08-08,11456.194171522995
886,2019-08-09,11846.422034684267
887,2019-08-10,12173.97004935858
888,2019-08-11,11755.601702083026
889,2019-08-12,11284.99024957562
890,2019-08-13,11667.688487220998
891,2019-08-14,11250.26231955584
892,2019-08-15,10972.969444674922
893,2019-08-16,10026.472671322623
894,2019-08-17,10215.082491006111
895,2019-08-18,10508.604673020507
896,2019-08-19,10121.244402040313
897,2019-08-20,10311.92563250071
898,2019-08-21,10991.480801236134
899,2019-08-22,10728.4484680606
900,2019-08-23,10212.399824178354
901,2019-08-24,10118.90556648139
902,2019-08-25,10499.572935265483
903,2019-08-26,10252.789286738878
904,2019-08-27,10060.073654220314
905,2019-08-28,10391.591955662989
906,2019-08-29,10233.337256484023
907,2019-08-30,9712.714082507346
908,2019-08-31,9459.928291503264
909,2019-09-01,9604.078320113214
910,2019-09-02,9592.427731496427
911,2019-09-03,9775.955971866173
912,2019-09-04,10423.100983885319
913,2019-09-05,10630.81897754498
914,2019-09-06,10583.166554130918
915,2019-09-07,10585.441293451697
916,2019-09-08,10321.035880390516
917,2019-09-09,10511.142770291603
918,2019-09-10,10413.491809283767
919,2019-09-11,10306.644314456744
920,2019-09-12,10099.834827761393
921,2019-09-13,10187.429613806904
922,2019-09-14,10415.347114466353
923,2019-09-15,10350.536806065922
924,2019-09-16,10382.042552980593
925,2019-09-17,10331.433496304122
926,2019-09-18,10261.978325860153
927,2019-09-19,10190.330634559323
928,2019-09-20,10149.886209188362
929,2019-09-21,10296.159869992685
930,2019-09-22,10170.38939613208
931,2019-09-23,9970.54904658935
932,2019-09-24,10040.316584089027
933,2019-09-25,9686.153742982538
934,2019-09-26,8509.197665274864
935,2019-09-27,8456.21792062305
936,2019-09-28,8044.583081330949
937,2019-09-29,8179.390305310715
938,2019-09-30,8281.521291667696
939,2019-10-01,8012.901257294181
940,2019-10-02,8337.18817571505
941,2019-10-03,8354.159358713203
942,2019-10-04,8333.755127156417
943,2019-10-05,8296.8517839923
944,2019-10-06,8133.635449443799
945,2019-10-07,8138.471684964992
946,2019-10-08,7924.257696994165
947,2019-10-09,8166.232397162002
948,2019-10-10,8235.064232076571
949,2019-10-11,8592.736076885976
950,2019-10-12,8572.442193730634
951,2019-10-13,8303.571626808904
952,2019-10-14,8286.234186389896
953,2019-10-15,8305.416836898848
954,2019-10-16,8366.546420284994
955,2019-10-17,8145.167557222924
956,2019-10-18,8026.847613845792
957,2019-10-19,8075.526332297622
958,2019-10-20,7955.443748087283
959,2019-10-21,7977.180805065304
960,2019-10-22,8231.046082178713
961,2019-10-23,8237.965533745262
962,2019-10-24,8024.577227793348
963,2019-10-25,7464.566565540526
964,2019-10-26,7440.328865157451
965,2019-10-27,8776.955981728204
966,2019-10-28,9269.084562324357
967,2019-10-29,9474.8947791105
968,2019-10-30,9184.202065927902
969,2019-10-31,9524.737371492063
970,2019-11-01,9195.335872103567
971,2019-11-02,9097.779427552048
972,2019-11-03,9240.480526994814
973,2019-11-04,9351.456222343098
974,2019-11-05,9228.360505592773
975,2019-11-06,9408.491209426753
976,2019-11-07,9291.470857701652
977,2019-11-08,9365.936751094468
978,2019-11-09,9225.564451546388
979,2019-11-10,8817.722718291401
980,2019-11-11,8815.36253324811
981,2019-11-12,9079.616282860457
982,2019-11-13,8704.438703458201
983,2019-11-14,8792.974537233598
984,2019-11-15,8777.604595616862
985,2019-11-16,8646.646060874857
986,2019-11-17,8452.67701340397
987,2019-11-18,8488.250392812892
988,2019-11-19,8520.026958789726
989,2019-11-20,8165.870744664438
990,2019-11-21,8123.059970705376
991,2019-11-22,8099.767288023778
992,2019-11-23,7602.867115682643
993,2019-11-24,7273.240869274696
994,2019-11-25,7353.363472434519
995,2019-11-26,6906.727797249952
996,2019-11-27,7138.898361629929
997,2019-11-28,7170.685369700385
998,2019-11-29,7546.705029210012
999,2019-11-30,7423.988618856651
1000,2019-12-01,7768.319341139287
1001,2019-12-02,7555.417855435924
1002,2019-12-03,7399.361745419052
1003,2019-12-04,7318.728994147091
1004,2019-12-05,7311.439483672409
1005,2019-12-06,7191.307491589127
1006,2019-12-07,7406.978714687818
1007,2019-12-08,7563.072897260034
1008,2019-12-09,7501.89163704609
1009,2019-12-10,7520.727336069296
1010,2019-12-11,7338.149649352116
1011,2019-12-12,7229.124956728872
1012,2019-12-13,7213.610461000633
1013,2019-12-14,7192.767353474053
1014,2019-12-15,7256.174061858924
1015,2019-12-16,7062.688386526677
1016,2019-12-17,7122.487338761431
1017,2019-12-18,6879.955265938662
1018,2019-12-19,6601.8743643556845
1019,2019-12-20,7334.3017171949305
1020,2019-12-21,7152.3825945150575
1021,2019-12-22,7164.755498612553
1022,2019-12-23,7143.775276784138
1023,2019-12-24,7565.32151800333
1024,2019-12-25,7318.758569150705
1025,2019-12-26,7219.496568378983
1026,2019-12-27,7198.454091000537
1027,2019-12-28,7229.5996966352905
1028,2019-12-29,7256.129931262189
1029,2019-12-30,7284.836951247957
1030,2019-12-31,7385.511061168409
1031,2020-01-01,7230.5268179118675
1032,2020-01-02,7179.855526018864
1033,2020-01-03,7155.487547808716
1034,2020-01-04,6958.792073241799
1035,2020-01-05,7356.747123098493
1036,2020-01-06,7363.7883866443735
1037,2020-01-07,7338.229947334979
1038,2020-01-08,7775.796401229938
1039,2020-01-09,8200.197589346884
1040,2020-01-10,8027.379939127388
1041,2020-01-11,7822.192863123912
1042,2020-01-12,8230.876877502651
1043,2020-01-13,8035.926691467301
1044,2020-01-14,8153.781998726717
1045,2020-01-15,8084.913438620987
1046,2020-01-16,8874.566915352403
1047,2020-01-17,8854.249470835988
1048,2020-01-18,8712.31121558742
1049,2020-01-19,8888.823003481393
1050,2020-01-20,8919.158680571007
1051,2020-01-21,8724.490312354208
1052,2020-01-22,8643.54178385
1053,2020-01-23,8724.130424531142
1054,2020-01-24,8649.592243707208
1055,2020-01-25,8388.70608242457
1056,2020-01-26,8454.84634416595
1057,2020-01-27,8346.604730351657
1058,2020-01-28,8589.072311289257
1059,2020-01-29,8884.671339220555
1060,2020-01-30,9414.118165337208
1061,2020-01-31,9277.985566972404
1062,2020-02-01,9502.405810788721
1063,2020-02-02,9365.505324263839
1064,2020-02-03,9348.901314220539
1065,2020-02-04,9347.224868193047
1066,2020-02-05,9156.670883826364
1067,2020-02-06,9152.147592781072
1068,2020-02-07,9669.636865677707
1069,2020-02-08,9767.653561078218
1070,2020-02-09,9799.937224830514
1071,2020-02-10,9949.823783655815
1072,2020-02-11,10152.729234943878
1073,2020-02-12,9861.113334389001
1074,2020-02-13,10291.612159169845
1075,2020-02-14,10378.180733549301
1076,2020-02-15,10223.546654030984
1077,2020-02-16,10353.827667935599
1078,2020-02-17,9938.810674389766
1079,2020-02-18,9920.80071845219
1080,2020-02-19,9718.212061618937
1081,2020-02-20,10199.093056331245
1082,2020-02-21,9623.068060062764
1083,2020-02-22,9588.304373336558
1084,2020-02-23,9729.95182358397
1085,2020-02-24,9669.245550226646
1086,2020-02-25,9991.390697306213
1087,2020-02-26,9694.827564735277
1088,2020-02-27,9257.412188296788
1089,2020-02-28,8808.678855637012
1090,2020-02-29,8806.4655485044
1091,2020-03-01,8708.045770150662
1092,2020-03-02,8545.97591049781
1093,2020-03-03,8920.370197923165
1094,2020-03-04,8936.424274823661
1095,2020-03-05,8732.034280395414
1096,2020-03-06,8777.321361608385
1097,2020-03-07,9092.581011448749
1098,2020-03-08,9149.678508027811
1099,2020-03-09,8902.68484435726
1100,2020-03-10,8013.197190361245
1101,2020-03-11,7919.960875050208
1102,2020-03-12,7932.861995332466
1103,2020-03-13,7901.170461647091
1104,2020-03-14,4735.1509883266
1105,2020-03-15,5558.388345666774
1106,2020-03-16,5348.427977272791
1107,2020-03-17,5148.268007031974
1108,2020-03-18,5148.3159556326245
1109,2020-03-19,5372.241499799194
1110,2020-03-20,5317.646934034383
1111,2020-03-21,6337.745496146676
1112,2020-03-22,6180.505819823903
1113,2020-03-23,6141.83419654509
1114,2020-03-24,5927.657867097389
1115,2020-03-25,6412.157013795329
1116,2020-03-26,6855.777903801999
1117,2020-03-27,6689.260930390711
1118,2020-03-28,6713.306270731683
1119,2020-03-29,6453.334021404412
1120,2020-03-30,6183.417848465415
1121,2020-03-31,5913.50564988187
1122,2020-04-01,6438.628979755061
1123,2020-04-02,6407.2993830422365
1124,2020-04-03,6669.660395223958
1125,2020-04-04,6834.527788714804
1126,2020-04-05,6715.831472500337
1127,2020-04-06,6896.62400575834
1128,2020-04-07,6788.305217740841
1129,2020-04-08,7331.6599284890135
1130,2020-04-09,7259.408285578353
1131,2020-04-10,7315.352146348525
1132,2020-04-11,7337.126836792575
1133,2020-04-12,6857.844619336811
1134,2020-04-13,6861.1984658134725
1135,2020-04-14,6983.756322761767
1136,2020-04-15,6809.815086448357
1137,2020-04-16,6887.072755322889
1138,2020-04-17,6652.929192665728
1139,2020-04-18,7071.499478528242
1140,2020-04-19,7108.480821457284
1141,2020-04-20,7214.433325858973
1142,2020-04-21,7152.818353094749
1143,2020-04-22,6848.231503814423
1144,2020-04-23,6818.598821190713
1145,2020-04-24,7190.620067152351
1146,2020-04-25,7472.204666846414
1147,2020-04-26,7503.887229239061
1148,2020-04-27,7577.151725810835
1149,2020-04-28,7689.1898915491265
1150,2020-04-29,7809.300329166082
1151,2020-04-30,7771.825767822395
1152,2020-05-01,8793.719212311884
1153,2020-05-02,8684.806625745512
1154,2020-05-03,8752.54259928724
1155,2020-05-04,9053.656775649955
1156,2020-05-05,8889.364435695818
1157,2020-05-06,8851.295482051879
1158,2020-05-07,9110.38852995868
1159,2020-05-08,9128.87331555467
1160,2020-05-09,10035.545683484956
1161,2020-05-10,9884.145621359052
1162,2020-05-11,9422.911602749895
1163,2020-05-12,8825.535283849815
1164,2020-05-13,8584.228796368918
1165,2020-05-14,8810.198922771211
1166,2020-05-15,9382.25312067075
1167,2020-05-16,9756.414583702302
1168,2020-05-17,9322.226753863748
1169,2020-05-18,9382.986646518793
1170,2020-05-19,9687.86839101921
1171,2020-05-20,9736.703207358103
1172,2020-05-21,9772.181543700483
1173,2020-05-22,9531.779249869584
1174,2020-05-23,9035.26908415323
1175,2020-05-24,9171.584881520293
1176,2020-05-25,9217.641643454754
1177,2020-05-26,8684.47454434134
1178,2020-05-27,8901.594535131911
1179,2020-05-28,8886.871518864387
1180,2020-05-29,9171.654717441175
1181,2020-05-30,9564.030345567404
1182,2020-05-31,9466.767447482855
1183,2020-06-01,9667.529114017945
1184,2020-06-02,9481.672784764962
1185,2020-06-03,10198.844279764486
1186,2020-06-04,9515.534134928917
1187,2020-06-05,9623.683942059217
1188,2020-06-06,9792.621791240754
1189,2020-06-07,9625.86716844023
1190,2020-06-08,9687.18565610137
1191,2020-06-09,9751.336487712262
1192,2020-06-10,9794.201634635758
1193,2020-06-11,9784.241359470176
1194,2020-06-12,9890.387973331271
1195,2020-06-13,9305.294103675462
1196,2020-06-14,9443.659661500178
1197,2020-06-15,9504.375273443644
1198,2020-06-16,9323.822322735285
1199,2020-06-17,9423.510368135272
1200,2020-06-18,9561.068098934686
1201,2020-06-19,9431.585519099957
1202,2020-06-20,9398.447458771392
1203,2020-06-21,9316.187202143683
1204,2020-06-22,9336.103519133008
1205,2020-06-23,9322.072577774397
1206,2020-06-24,9680.21706958897
1207,2020-06-25,9633.82841344886
1208,2020-06-26,9289.58363899753
1209,2020-06-27,9223.102315561422
1210,2020-06-28,9187.018129306858
1211,2020-06-29,8993.479593484211
1212,2020-06-30,9128.362483254754
1213,2020-07-01,9218.598490442868
1214,2020-07-02,9107.572731036731
1215,2020-07-03,9261.225470873627
1216,2020-07-04,9086.397428473369
1217,2020-07-05,9038.227004822395
1218,2020-07-06,9197.336687050318
1219,2020-07-07,9054.273759457703
1220,2020-07-08,9357.544328928852
1221,2020-07-09,9306.267374770794
1222,2020-07-10,9384.030415922784
1223,2020-07-11,9295.014859695575
1224,2020-07-12,9271.090707948479
1225,2020-07-13,9228.491637181698
1226,2020-07-14,9337.391590568897
1227,2020-07-15,9212.3211955132
1228,2020-07-16,9268.677004096047
1229,2020-07-17,9216.18580042048
1230,2020-07-18,9103.307998393253
1231,2020-07-19,9186.178553016676
1232,2020-07-20,9177.454474584516
1233,2020-07-21,9204.038684462803
1234,2020-07-22,9195.715778937518
1235,2020-07-23,9379.521774530136
1236,2020-07-24,9560.847944792691
1237,2020-07-25,9622.39958409016
1238,2020-07-26,9541.463401281013
1239,2020-07-27,9730.926822186972
1240,2020-07-28,9949.792538265287
1241,2020-07-29,11065.858496168752
1242,2020-07-30,10982.491614628869
1243,2020-07-31,11040.086153889402
1244,2020-08-01,11188.022181448003
1245,2020-08-02,11331.219282910895
1246,2020-08-03,11823.052617680272
1247,2020-08-04,11132.38015844384
1248,2020-08-05,11158.05364188604
1249,2020-08-06,11287.94671683676
1250,2020-08-07,11728.547482130836
1251,2020-08-08,11773.31412542979
1252,2020-08-09,11647.727653397727
1253,2020-08-10,11729.521164378497
1254,2020-08-11,11728.772412128399
1255,2020-08-12,11890.309248771466
1256,2020-08-13,11385.459481587519
1257,2020-08-14,11582.645876726767
1258,2020-08-15,11808.96531540136
1259,2020-08-16,11760.654418215763
1260,2020-08-17,11890.17439206384
1261,2020-08-18,11935.789692403272
1262,2020-08-19,12284.543356042313
1263,2020-08-20,12004.018297553383
1264,2020-08-21,11697.323465845588
1265,2020-08-22,11895.869487886252
1266,2020-08-23,11541.179384481498
1267,2020-08-24,11638.653848299376
1268,2020-08-25,11728.103408214867
1269,2020-08-26,11728.662657273295
1270,2020-08-27,11340.879861971893
1271,2020-08-28,11493.410932564628
1272,2020-08-29,11293.206328615848
1273,2020-08-30,11540.41033268143
1274,2020-08-31,11518.082222119245
1275,2020-09-01,11679.587915078937
1276,2020-09-02,11701.274644562736
1277,2020-09-03,11918.604979918673
1278,2020-09-04,11397.80742839017
1279,2020-09-05,10158.498921409908
1280,2020-09-06,10455.335916895354
1281,2020-09-07,10232.349141485016
1282,2020-09-08,10175.801682376154
1283,2020-09-09,10434.718673673437
1284,2020-09-10,10127.404097608725
1285,2020-09-11,10170.515935651949
1286,2020-09-12,10450.96227681349
1287,2020-09-13,10344.371781395863
1288,2020-09-14,10450.659985262417
1289,2020-09-15,10392.850829591038
1290,2020-09-16,10607.792652335002
1291,2020-09-17,10859.954140209036
1292,2020-09-18,10939.103196186496
1293,2020-09-19,10920.669936799603
1294,2020-09-20,10992.684889713904
1295,2020-09-21,11044.71426756004
1296,2020-09-22,10912.084245747861
1297,2020-09-23,10440.32492606029
1298,2020-09-24,10494.776960215122
1299,2020-09-25,10298.762525698894
1300,2020-09-26,10692.767618567066
1301,2020-09-27,10733.263732799947
1302,2020-09-28,10734.267298079054
1303,2020-09-29,10758.960156613563
1304,2020-09-30,10733.616132581885
1305,2020-10-01,10873.816418229808
1306,2020-10-02,10799.14084478837
1307,2020-10-03,10673.84618914347
1308,2020-10-04,10556.52268565007
1309,2020-10-05,10539.981216236196
1310,2020-10-06,10664.515918384099
1311,2020-10-07,10749.44314291256
1312,2020-10-08,10632.754661065394
1313,2020-10-09,10686.361737488489
1314,2020-10-10,10897.325808738935
1315,2020-10-11,11115.0194626874
1316,2020-10-12,11281.477898983372
1317,2020-10-13,11386.062162049733
1318,2020-10-14,11574.066020454575
1319,2020-10-15,11398.51041949045
1320,2020-10-16,11462.358565586688
1321,2020-10-17,11513.336771117447
1322,2020-10-18,11309.126531772086
1323,2020-10-19,11403.706213578158
1324,2020-10-20,11498.622806053641
1325,2020-10-21,11763.860704230363
1326,2020-10-22,11958.425207497008
1327,2020-10-23,12810.180139863838
1328,2020-10-24,13038.34398683233
1329,2020-10-25,12928.201406368626
1330,2020-10-26,13131.515512109489
1331,2020-10-27,13081.019745358708
1332,2020-10-28,13035.661838987195
1333,2020-10-29,13696.395947785082
1334,2020-10-30,13307.084133125874
1335,2020-10-31,13408.746484038067
1336,2020-11-01,13651.317231093264
1337,2020-11-02,13766.821920466118
1338,2020-11-03,13770.902022438186
1339,2020-11-04,13629.110897369732
1340,2020-11-05,13959.144822567041
1341,2020-11-06,14234.559671432693
1342,2020-11-07,15575.843923965238
1343,2020-11-08,15606.5731543833
1344,2020-11-09,14872.055693768674
1345,2020-11-10,15447.816405112158
1346,2020-11-11,15406.530395971533
1347,2020-11-12,15276.470185692548
1348,2020-11-13,15722.583430009105
1349,2020-11-14,16358.169575779935
1350,2020-11-15,16283.54480972188
1351,2020-11-16,16145.269467459775
1352,2020-11-17,15974.050495147898
1353,2020-11-18,16694.785238212593
1354,2020-11-19,17770.884592923678
1355,2020-11-20,17756.24615667845
1356,2020-11-21,17832.02702075243
1357,2020-11-22,18752.926043667212
1358,2020-11-23,18654.35810064122
1359,2020-11-24,18462.50972455279
1360,2020-11-25,18418.692828593343
1361,2020-11-26,19162.578829328646
1362,2020-11-27,18805.215412556994
1363,2020-11-28,17069.516159540664
1364,2020-11-29,17143.18764767515
1365,2020-11-30,17842.116418440346
1366,2020-12-01,18113.74661391164
1367,2020-12-02,19796.28029667559
1368,2020-12-03,18856.238853925155
1369,2020-12-04,19068.065380862296
1370,2020-12-05,19659.07638025457
1371,2020-12-06,18589.01266374052
1372,2020-12-07,19093.818681241428
1373,2020-12-08,19419.667953981516
1374,2020-12-09,19026.425746034183
1375,2020-12-10,18386.66293453043
1376,2020-12-11,18612.5567491218
1377,2020-12-12,18153.159411821867
1378,2020-12-13,18129.518294861315
1379,2020-12-14,18708.329496019764
1380,2020-12-15,19164.987995315074
1381,2020-12-16,19345.371351812093
1382,2020-12-17,19389.603599895217
1383,2020-12-18,21429.193275146143
1384,2020-12-19,22955.21177147695
1385,2020-12-20,23087.376663414503
1386,2020-12-21,23928.97052365553
1387,2020-12-22,23544.187693870415
1388,2020-12-23,22645.795227445953
1389,2020-12-24,23931.693001198728
1390,2020-12-25,23275.640563285786
1391,2020-12-26,23620.144540562145
1392,2020-12-27,24675.798552041877
1393,2020-12-28,26403.081981102165
1394,2020-12-29,26271.49860075099
1395,2020-12-30,26968.978427537484
1396,2020-12-31,27369.054635869456
1397,2021-01-01,28989.913785045905
1398,2021-01-02,29165.74422533102
1399,2021-01-03,29538.368299843965
1400,2021-01-04,32454.79803049043
1401,2021-01-05,33312.504358882026
1402,2021-01-06,32265.289035515758
1403,2021-01-07,34359.65879690266
1404,2021-01-08,37312.28479368411
1405,2021-01-09,40157.90195654134
1406,2021-01-10,41367.604720709955
1407,2021-01-11,40846.06415821788
1408,2021-01-12,38146.3769467837
1409,2021-01-13,35368.322156358496
1410,2021-01-14,33846.52717347408
1411,2021-01-15,37827.98526456921
1412,2021-01-16,39423.797963112054
1413,2021-01-17,36327.605725860274
1414,2021-01-18,36181.81706436068
1415,2021-01-19,36024.32629809263
1416,2021-01-20,36600.673646692936
1417,2021-01-21,35855.46646900448
1418,2021-01-22,35635.5660632333
1419,2021-01-23,30373.43597293922
1420,2021-01-25,32348.26910573368
1421,2021-01-26,32068.822337012563
1422,2021-01-27,31979.84539299931
1423,2021-01-28,32620.981588187336
1424,2021-01-29,30460.316184805546
1425,2021-01-30,33951.191554059034
1426,2021-01-31,34434.556711362566
1427,2021-02-01,33869.000366854314
1428,2021-02-02,32684.92137391609
1429,2021-02-03,33743.0610090753
1430,2021-02-04,35985.179293055095
1431,2021-02-05,37796.33130026999
1432,2021-02-06,36320.01393442548
1433,2021-02-08,39775.83944801446
1434,2021-02-09,39125.22119953816
1435,2021-02-10,46806.10272452239
1436,2021-02-12,43904.5509068764
1437,2021-02-14,48142.30253675411
1438,2021-02-21,56319.717837674645
1439,2021-02-22,56478.63352040099
1440,2021-02-23,58023.39160013503
1441,2021-02-24,54632.28992889082
1442,2021-02-25,48824.860189613144
1443,2021-02-26,50788.660242802805
1444,2021-02-27,46319.322721870485
1445,2021-02-28,45757.94000008413
1446,2021-03-01,45520.37744950555
1447,2021-03-02,44400.4786229377
1448,2021-03-03,49219.97860842399
1449,2021-03-04,48408.71461978559
1450,2021-03-05,50510.38771013089
1451,2021-03-06,48241.865343261234
1452,2021-03-07,48881.960284727094
1453,2021-03-08,48910.697655445765
1454,2021-03-09,51178.354274913174
1455,2021-03-10,52435.00921850411
1456,2021-03-11,54907.56987721529
1457,2021-03-12,56045.75991103018
1458,2021-03-13,57840.851493436356
1459,2021-03-14,57356.30570475379
1460,2021-03-15,61415.094745377646
1461,2021-03-16,59668.8697186046
1462,2021-03-17,55884.00345571735
1463,2021-03-18,56782.28783057147
1464,2021-03-19,58935.82872119284
1465,2021-03-20,57808.86542126033
1466,2021-03-21,58118.52123135186
1467,2021-03-22,58146.61262741372
1468,2021-03-23,57478.62684170149
1469,2021-03-24,54277.232463333334
1470,2021-03-25,54626.419792953995
1471,2021-03-26,52464.91463790125
1472,2021-03-27,51279.01269885233
1473,2021-03-28,54859.625976776835
1474,2021-03-29,55522.30043138781
1475,2021-03-30,56218.054246054475
1476,2021-03-31,57679.71990881965
1477,2021-04-01,58724.958172965096
1478,2021-04-02,58453.99095867801
1479,2021-04-03,58367.2076527429
1480,2021-04-04,58800.715328372964
1481,2021-04-05,57070.74047984272
1482,2021-04-06,58426.305596302096
1483,2021-04-07,59670.212201253504
1484,2021-04-08,58347.76029360331
1485,2021-04-09,56000.9953794056
1486,2021-04-10,57848.982439751395
1487,2021-04-11,57669.354897069155
1488,2021-04-12,59608.08992277621
1489,2021-04-13,60065.919796923794
1490,2021-04-14,59742.32587998461
1491,2021-04-15,63637.984065147815
1492,2021-04-16,63368.311494664486
1493,2021-04-17,63411.33445454892
1494,2021-04-18,61281.04588783467
1495,2021-04-19,59525.70927352672
1496,2021-04-20,55659.935746126524
1497,2021-04-21,55278.21178879488
1498,2021-04-22,56524.42269084586
1499,2021-04-23,54138.45773455795
1500,2021-04-24,52155.80350746894
1501,2021-04-25,51398.199083073996
1502,2021-04-26,50029.277436523415
1503,2021-04-27,48698.579111827166
1504,2021-04-28,53695.33022182647
1505,2021-04-29,55034.38392172621
1506,2021-04-30,55195.119666265615
1507,2021-05-01,54046.5192820755
1508,2021-05-02,58234.68485903236
1509,2021-05-03,58111.88727994743
1510,2021-05-04,56422.37335695083
1511,2021-05-05,56885.09569646525
1512,2021-05-06,53115.6680622877
1513,2021-05-07,57183.14814691005
1514,2021-05-08,56592.408991029035
1515,2021-05-09,57687.7395260376
1516,2021-05-10,59239.282704382225
1517,2021-05-11,58522.40528338172
1518,2021-05-12,55953.20835466484
1519,2021-05-13,56589.72686944511
1520,2021-05-14,48242.570763641044
1521,2021-05-15,49820.005853043265
1522,2021-05-16,49245.574531608974
1523,2021-05-17,47128.30132713335
1524,2021-05-18,46704.316145731624
1525,2021-05-19,43985.83883943825
1526,2021-05-20,42973.53121725184
1527,2021-05-21,36950.447026370224
1528,2021-05-22,39948.98396929197
1529,2021-05-23,37466.00361381047
1530,2021-05-24,37278.71529963792
1531,2021-05-25,34785.03247377152
1532,2021-05-26,38040.49804714291
1533,2021-05-27,38646.96582764531
1534,2021-05-28,39357.35828396727
1535,2021-05-29,38681.057962475694
1536,2021-05-30,35935.40366078158
1537,2021-05-31,34456.04369122261
1538,2021-06-01,35356.57604018469
1539,2021-06-02,37172.40865381775
1540,2021-06-03,36873.52285529846
1541,2021-06-04,37540.69392978914
1542,2021-06-05,39170.23100698291
1543,2021-06-06,37303.17858955609
1544,2021-06-07,35556.80197925888
1545,2021-06-08,35620.56716573784
1546,2021-06-09,33635.70402287622
1547,2021-06-10,33228.309704633095
1548,2021-06-11,36904.93932674657
1549,2021-06-12,37067.007246327936
1550,2021-06-13,37435.2543522327
1551,2021-06-14,35758.6301500135
1552,2021-06-15,38654.938002474686
1553,2021-06-16,40653.37618706564
1554,2021-06-17,40507.058368178514
1555,2021-06-18,38611.60613432062
1556,2021-06-19,38016.54716972592
1557,2021-06-20,35850.677518329605
1558,2021-06-21,35322.30090147992
1559,2021-06-22,35465.656600300776
1560,2021-06-23,31958.690296333287
1561,2021-06-24,32051.595763496734
1562,2021-06-25,33434.197698480704
1563,2021-06-26,34636.39399072274
1564,2021-06-27,32022.146556641786
1565,2021-06-28,31983.846729453508
1566,2021-06-29,34162.967681223075
1567,2021-06-30,34026.44725311047
1568,2021-07-01,35869.03610574962
1569,2021-07-02,35420.79972350865
1570,2021-07-03,33719.339916379184
1571,2021-07-04,33743.58291490627
1572,2021-07-05,34571.59704628875
1573,2021-07-06,35305.83210081407
1574,2021-07-07,33972.55568004004
1575,2021-07-08,34142.90554856276
1576,2021-07-09,33860.62863077285
1577,2021-07-10,32945.70955602528
1578,2021-07-11,34068.357678609515
1579,2021-07-12,33356.13314305621
1580,2021-07-13,34186.032798534674
1581,2021-07-14,33311.62355846969
1582,2021-07-15,32710.87646002606
1583,2021-07-16,32752.864284675823
1584,2021-07-17,31811.46040437691
1585,2021-07-18,31382.045366248927
1586,2021-07-19,31447.48121973122
1587,2021-07-20,31738.638512920992
1588,2021-07-21,30918.17967814394
1589,2021-07-22,29840.897426116426
1590,2021-07-23,31822.470314788825
1591,2021-07-24,32359.814636777548
1592,2021-07-25,33586.09397035256
1593,2021-07-26,34376.72186489392
1594,2021-07-27,35430.04678280845
1595,2021-07-28,37328.79471976191
1596,2021-07-29,39476.287925865916
1597,2021-07-30,40279.45412220112
1598,2021-07-31,40262.97169329285
1599,2021-08-01,42196.77626884964
1600,2021-08-02,41750.65439228501
1601,2021-08-03,40128.340203406435
1602,2021-08-04,39162.54321838117
1603,2021-08-05,37972.516883168355
1604,2021-08-06,39409.4642016261
1605,2021-08-07,40819.47903718956
1606,2021-08-08,42833.99354376564
1607,2021-08-09,44765.597928578034
1608,2021-08-10,44164.14303851688
1609,2021-08-11,46284.06578180386
1610,2021-08-12,45878.31637954151
1611,2021-08-13,45716.08703869341
1612,2021-08-14,44537.0651625465
1613,2021-08-15,47506.19125950645
1614,2021-08-16,47375.062266353016
1615,2021-08-17,47193.18177690603
1616,2021-08-18,46119.17256689297
1617,2021-08-19,44699.86523284999
1618,2021-08-20,44637.04545385167
1619,2021-08-21,46694.63730227669
1620,2021-08-22,49179.45280091218
1621,2021-08-23,49160.46362289673
1622,2021-08-24,49417.698329423205
1623,2021-08-25,49327.895319648705
1624,2021-08-26,47915.90081892962
1625,2021-08-27,49058.70389165564
1626,2021-08-28,46950.623705000646
1627,2021-09-09,47160.53272500902
1628,2021-09-10,45933.130833265044
1629,2021-09-11,46130.39468639869
